token,frequency
"ki,",2199
bir,1988
bu,1222
və,1145
o,1111
nə,882
də,866
ey,852
an,819
ilə,795
hər,754
Ey,750
",",712
Bu,671
kimi,647
O,638
-,612
i,553
a,539
im,539
Bir,527
ə,512
ar,498
da,496
in,487
Hər,478
.,462
mən,451
sən,446
ən,446
al,415
"""",407
Mən,379
lər,379
tək,379
Nə,369
can,366
ini,366
"ə,",364
gün,362
ər,362
ay,355
dən,354
gül,347
"a,",339
mənə,335
üçün,335
ın,335
əl,333
am,332
r,322
il,318
"i,",315
ir,309
lə,302
lar,297
əm,297
inə,296
at,294
d,293
t,289
l,288
i-,287
inin,286
ət,286
ib,284
k,282
çox,282
"Ki,",275
ı,274
var,273
göz,269
dan,268
qədər,267
sənin,267
sənə,267
m,264
"im,",261
məni,261
ü,254
n,253
!,252
onun,251
ver,251
Sən,247
gəl,247
gör,246
Çünki,244
s,243
heç,241
qan,241
"ar,",234
ım,234
yar,232
un,227
kəs,226
Əgər,226
"an,",225
aq,225
az,225
dır,225
bil,224
iş,224
gözəl,223
həm,223
indən,222
xoş,222
b,221
q,220
u,217
çək,217
mənim,216
ad,214
"oldu,",214
?,211
ç,211
ona,209
–,206
S,203
min,203
ına,203
öz,202
ək,202
dir,201
ş,198
"var,",196
anı,193
dil,192
ar.,191
"ı,",191
"əm,",189
belə,188
onu,188
ır,188
ah,186
ını,186
B,183
"də,",183
as,182
söz,182
"et,",181
D,179
olan,179
"Füzuli,",178
ağ,178
dı,178
qəm,177
"da,",176
lərin,176
necə,176
ində,175
kim,175
əgər,175
baş,174
"am,",173
h,173
c,172
la,172
"dir,",171
şah,171
üm,170
ya,168
yan,168
əsi,168
di,167
qal,167
ləri,166
üz,166
əs,166
ik,165
ıb,165
ab,164
anın,164
eşq,164
"sən,",164
"dı,",163
an.,162
"ər,",161
dur,160
əyə,160
id,159
li,159
ur,159
v,159
ının,157
f,156
x,156
N,155
zaman,154
"in,",153
könül,153
ün,152
qoy,151
sal,151
"etdi,",150
etdi.,149
y,149
i.,148
su,148
g,145
iki,145
yol,145
Y,144
imi,144
olar.,144
siz,144
z,144
ından,144
is,143
ana,142
tap,142
"dır,",141
"idir,",141
əni,141
a.,140
düş,139
içində,139
ki,139
p,139
yüz,139
ında,139
ə.,139
əd,139
Gör,138
isə,138
T,137
ər.,134
K,133
məz,133
um,133
"idi,",132
oldu,132
ür,132
ənin,132
Kim,131
etmək,131
tut,130
ası,129
aç,129
iy,129
olar,129
hal,128
"ən,",128
Eşq,127
et,127
"ım,",127
aşiq,126
bütün,126
ları,126
tər,126
ların,125
mək,125
"deyil,",124
aya,123
lı,123
lıq,122
ol,122
səni,122
ul,122
dərd,121
"ib,",121
"ın,",121
mey,120
şərab,120
A,119
Can,119
dünyada,119
iç,119
"lar,",119
mış,119
oldu.,119
olsun,119
sa,119
san,119
sə,119
çat,119
H,118
bax,118
"ir,",118
yox,118
ı.,118
Q,117
ma,117
yaz,117
sin,116
qara,115
aş,114
olub,114
sərv,114
ələr,114
elə,113
iz,113
qızıl,113
yaş,113
it,112
nur,112
"olub,",112
ov,112
adı,111
var.,111
yer,111
M,110
edər,110
Şah,110
ədən,110
"ini,",109
mə,109
çıx,109
Allah,108
X,108
daş,108
dır.,108
qul,108
Ş,108
Gül,107
Sənin,107
xan,107
çünki,107
Onun,106
"ıb,",106
əy,106
Dedi:,105
"könül,",105
əz,105
du,104
imin,104
keç,104
ımı,104
"ır,",104
şirin,104
bağ,103
başqa,103
ed,103
"ma,",103
maq,103
deyil,102
"di,",102
dərman,102
Bil,101
Göz,101
"dən,",101
dər,101
edər.,101
qurban,101
sev,101
unu,101
dağ,100
əti,100
maz,99
"sə,",99
od,98
"sa,",98
:,97
Bütün,97
dar,97
"san,",97
səhər,97
ıq,97
əb,97
Günəş,96
daha,96
dür,96
sın,96
bəy,95
həyat,95
lik,95
olsa,95
saç,95
Gəl,94
din,94
dünya,94
el,94
man,94
vur,94
ac,93
dir.,93
if,93
sultan,93
sən.,93
uz,93
vaxt,93
"ıdır,",93
şad,93
ənd,93
Elə,92
Z,92
arı,92
dı.,92
insan,92
"inə,",92
"olar,",92
"olsun,",92
ü-,92
günəş,91
"edib,",90
qur,90
tərk,90
una,90
"ına,",90
əh,90
Heç,89
"dur,",89
gah,89
"kimi,",89
xəbər,89
anda,88
"edər,",88
gecə,88
Ə,88
dost,87
ox,87
səndən,87
Ay,86
Sənə,86
adan,86
de,86
edən,86
gəz,86
"lər,",86
nəzər,86
sər,86
əli,86
“,86
ara,85
dü,85
lərə,85
miş,85
niyə,85
"ını,",85
ədə,85
R,84
ağlayırsan.,84
ilər,84
lara,84
"mə,",84
yenə,84
ıl,84
daim,83
fələk,83
ged,83
gizli,83
lan,83
on,82
ğ,82
İ,82
lütf,81
ondan,81
yoxdur,81
üzünü,81
alar,80
cənnət,80
göstər,80
"mən,",80
mən.,80
"yoxdur,",80
əhli,80
C,79
"dım,",79
etdi,79
imə,79
iyə,79
qıl,79
G,78
af,78
muş,78
məndən,78
olur,78
qorx,78
zər,78
ül,78
dım,77
qar,77
quş,77
ruh,77
ub,77
Ç,77
öl,77
Əl,77
;,76
di.,76
indi,76
ış,76
Necə,75
"dan,",75
göy,75
Çox,75
"ü,",75
adam,74
danış,74
dövr,74
eşqin,74
"olmaz,",74
sız,74
əf,74
əsini,74
Məni,73
Mənim,73
Mənə,73
Nəsimi,73
cam,73
"du,",73
ev,73
idi,73
iq,73
iyyət,73
mü,73
"mənəm,",73
olmuş,73
təzə,73
ud,73
ünə,73
şey,73
”,73
Ta,71
"Xaqani,",71
Yar,71
ağıl,71
dön,71
neçə,71
"ol,",71
ünü,71
üzün,71
əq,71
F,70
Ona,70
av,70
böyük,70
bəl,70
idir,70
idir.,70
"olsa,",70
seyr,70
zülm,70
özünü,70
"üçün,",70
ətin,70
dəm,69
ləl,69
pərişan,69
yerə,69
ünün,69
üzünün,69
əndə,69
əng,69
Həm,68
am.,68
asını,68
bilməz,68
ta,68
ündən,68
ə-,68
alı,67
deyil.,67
"etmə,",67
könlüm,67
lar.,67
tik,67
yad,67
yaxşı,67
üb,67
ır.,67
şam,67
əsinə,67
Səni,66
Ya,66
bizə,66
bədən,66
dedi:,66
edib,66
mət,66
saf,66
əc,66
"ədir,",66
edir,65
gövhər,65
"li,",65
"maz,",65
rəng,65
"u,",65
ənbər,65
əş,65
ağı,64
biri,64
boş,64
heyran,64
larını,64
or,64
sübh,64
uc,64
Öz,64
ürək,64
ətə,64
Al,63
Haqq,63
bal,63
"etdim,",63
gir,63
ist,63
məst,63
qaç,63
qaş,63
qəlb,63
səm,63
ük,63
ədir,63
'''Vidadi''',62
"O,",62
bülbül,62
dövlət,62
düşmən,62
"ik,",62
"ilə,",62
ir.,62
mal,62
"o,",62
qat,62
sonra,62
yerdə,62
'''Vaqif''',61
Belə,61
amma,61
ax,61
dal,61
dim,61
dünyanın,61
hur,61
idi.,61
inc,61
isi,61
layiq,61
mənə.,61
qədəh,61
sür,61
təb,61
üzünə,61
ıma,61
*,60
ehsan,60
günü,60
lən,60
tar,60
uş,60
yat,60
yay,60
yaşı,60
Könül,59
L,59
Onu,59
Söz,59
V,59
bel,59
bər,59
kar,59
lərini,59
məs,59
olmaz,59
pak,59
say,59
viran,59
vüsal,59
xal,59
ımın,59
şəkər,59
əm.,59
Dünya,58
P,58
Qəm,58
ada,58
aləm,58
bəd,58
gül.,58
hicran,58
istər,58
məl,58
unun,58
xəyal,58
ımız,58
Səhər,57
aşkar,57
başına,57
bəxş,57
dərdə,57
e,57
fər,57
"gəldi,",57
gərək,57
gətir,57
mi,57
mələk,57
olm,57
onda,57
van,57
"yox,",57
üş,57
ərd,57
Ağ,56
"Nəsimi,",56
Qoy,56
ak,56
"ası,",56
biz,56
"can,",56
dey,56
həmişə,56
"lı,",56
meyl,56
olsun.,56
pər,56
xəstə,56
zövq,56
üzü,56
"ək,",56
Gözəl,55
cə,55
"dü,",55
etmiş,55
tan,55
tərif,55
ımdan,55
2,54
ayrı,54
ayət,54
ağa,54
ağac,54
"bax,",54
bəla,54
bəs,54
elm,54
gözüm,54
"lə,",54
"məz,",54
naz,54
pis,54
tök,54
yoxdur.,54
Üzünün,54
ıdır,54
ıdır.,54
Səndən,53
Yer,53
a-,53
cür,53
dünyanı,53
etm,53
"gör,",53
görə,53
imdə,53
müş,53
məyə,53
rə,53
tük,53
"ün,",53
İndi,53
"ət,",53
əv,53
(,52
Baş,52
alt,52
bilməz.,52
diş,52
gey,52
görən,52
hökm,52
"indən,",52
mağa,52
"mış,",52
mənim.,52
qəd,52
sahib,52
səcdə,52
torpaq,52
zar,52
zülfün,52
üstündə,52
şər,52
ən.,52
"əsi,",52
Mey,51
bəyan,51
cana,51
"dür,",51
gec,51
həd,51
im.,51
imdən,51
incə,51
işi,51
məclis,51
olmaz.,51
sirrini,51
sərxoş,51
canımı,50
dəy,50
ib.,50
inci,50
"la,",50
luq,50
məy,50
qərq,50
sirr,50
təl,50
yax,50
zülfünün,50
əbədi,50
əzab,50
adır,49
adət,49
aləmdə,49
art,49
arın,49
"ay,",49
bat,49
"dim,",49
dodaq,49
doğru,49
imiz,49
ind,49
kədər,49
lər.,49
mər,49
ola,49
tez,49
uzaq,49
"ından,",49
Allaha,48
Ar,48
andan,48
"andır,",48
"anı,",48
anı.,48
apar,48
açıl,48
bənzər,48
fəryad,48
gözlər,48
nam,48
parlaq,48
qır,48
qəbul,48
"tək,",48
təm,48
təs,48
us,48
yarın,48
zəif,48
öp,48
3,47
Dərd,47
acı,47
asan,47
azad,47
et.,47
"etsə,",47
günah,47
"gəl,",47
həmdəm,47
iman,47
işə,47
rəngli,47
sir,47
səs,47
"un,",47
ut,47
yandır,47
ye,47
yetiş,47
əmi,47
Biri,46
Fələk,46
Sübh,46
Yan,46
Yol,46
"adır,",46
alan,46
"aq,",46
artıq,46
asına,46
atəş,46
boy,46
canan,46
görüb,46
gümüş,46
kən,46
lu,46
lərdən,46
məskən,46
nədir,46
qap,46
sor,46
səbr,46
səbəb,46
tal,46
tən,46
unda,46
uq,46
uy,46
üstünə,46
üzlü,46
əhl,46
ənə,46
Dünyada,45
Gah,45
Lakin,45
"anda,",45
bar,45
cəm,45
eh,45
hesab,45
həsrət,45
istəy,45
"iyəm,",45
lam,45
lay,45
məh,45
nədir?,45
olduğunu,45
qay,45
söhbət,45
xar,45
çıxar,45
ım.,45
şir,45
ədir.,45
əlindən,45
4,44
De,44
Dil,44
ayaq,44
bilir,44
bət,44
ciyər,44
day,44
deyir,44
düz,44
dəfə,44
etmə,44
könlümü,44
müşk,44
məd,44
nəs,44
qılınc,44
tə,44
çal,44
əsindən,44
5,43
Düş,43
Kəb,43
Qur,43
alın,43
ancaq,43
bas,43
canım,43
dəniz,43
ic,43
inkar,43
kül,43
olun,43
qanlı,43
san.,43
sil,43
suyu,43
"sın,",43
səf,43
tac,43
utan,43
çarə,43
özü,43
ına.,43
ız,43
"ərəm,",43
əsir,43
ətlə,43
Yüz,42
anə,42
asının,42
axtar,42
bax!,42
budur,42
dam,42
dolu,42
dəl,42
in.,42
iyi,42
kəl,42
kəm,42
may,42
mümkün,42
"mənə,",42
nar,42
soruş,42
yet,42
ığ,42
əsində,42
6,41
Eşqin,41
Ol,41
Yenə,41
ala,41
büt,41
canı,41
canını,41
cəf,41
dan.,41
"dilbər,",41
dünyaya,41
dən.,41
fikir,41
kamil,41
liyi,41
ləş,41
nal,41
oy,41
sağ,41
sözü,41
yolunda,41
üs,41
üstün,41
ımda,41
"ında,",41
əməl,41
ənlər,41
əri,41
ətli,41
əyi,41
7,40
Bağ,40
Min,40
Xoş,40
asından,40
axır,40
"bil,",40
bundan,40
bunu,40
dayan,40
döndər,40
etməyə,40
ham,40
hörmət,40
inlə,40
kam,40
kimsə,40
liy,40
lərinin,40
"nədir,",40
ot,40
oğlu,40
son,40
uca,40
undan,40
uzun,40
yoldaş,40
zülf,40
İsa,40
əhlinin,40
əldən,40
ətdə,40
ətdən,40
Vaqif,39
"Xətai,",39
amı,39
dad,39
dik,39
gəlib,39
heyvan,39
kin,39
ney,39
nişan,39
"olma,",39
par,39
sifət,39
süz,39
top,39
xət,39
yana,39
çi,39
çətin,39
ündə,39
İki,39
ın.,39
ıs,39
əsən,39
".""",38
Dost,38
Gün,38
Ox,38
U,38
andır.,38
bad,38
bur,38
bə,38
"düşdü,",38
dəki,38
eşit,38
görün,38
hey,38
hikmət,38
irəm,38
madı,38
"oldum,",38
olub.,38
"olur,",38
otur,38
qönç,38
"sənə,",38
tutub,38
"yar,",38
"zaman,",38
ıb.,38
şək,38
?!,37
Ah,37
Aşiq,37
Biz,37
Xaqani,37
"aya,",37
ayı,37
ayır,37
"bilməz,",37
bit,37
deyər,37
divan,37
doğ,37
en,37
eş,37
"gül,",37
haqq,37
"irəm,",37
kəsə,37
lal,37
lardan,37
"mi,",37
məqsəd,37
qər,37
rət,37
söy,37
torpağa,37
tələb,37
ulduz,37
"ver,",37
verən,37
xətt,37
zat,37
Ü,37
Üzün,37
çar,37
ömür,37
üstə,37
şərh,37
əhlinə,37
əldə,37
ərə,37
"Gəl,",36
adını,36
bəxt,36
cah,36
dörd,36
etd,36
getm,36
lü,36
mərd,36
nemət,36
nərgiz,36
odur,36
olmuşam.,36
pay,36
qovuş,36
qəs,36
surət,36
tərəf,36
vət,36
ziy,36
Ö,36
üst,36
üzündə,36
üzündən,36
İn,36
əndən,36
əvvəl,36
""".",35
),35
Ax,35
Lütf,35
Məgər,35
Ondan,35
"Rəbb,",35
"Saqi,",35
Süleyman,35
Yusif,35
acaq,35
adır.,35
badə,35
bul,35
dur.,35
dəf,35
"edir,",35
gözümün,35
güc,35
gər,35
idən,35
kərəm,35
larına,35
lərinə,35
ləy,35
qəlbi,35
sanki,35
sus,35
səfa,35
tel,35
uç,35
verdi,35
xəst,35
yara,35
üy,35
"şah,",35
ərz,35
ətir,35
Allahın,34
Dey,34
Könlüm,34
Qar,34
"aldı,",34
aləmə,34
aram,34
ayrıl,34
bənd,34
camal,34
da.,34
dilbər,34
düşüb,34
dəyiş,34
edə,34
fərman,34
gördü,34
gözü,34
gələn,34
har,34
hicr,34
könlümün,34
liyə,34
möhnət,34
məhəbbət,34
nalə,34
qaldır,34
sahibi,34
sat,34
sünbül,34
tam,34
tənə,34
xidmət,34
xəzin,34
yoxsa,34
zülmət,34
Üz,34
şəh,34
ək.,34
əks,34
əsinin,34
əziyyət,34
Bax,33
Məcnun,33
Qal,33
aşiqə,33
bəri,33
cav,33
ded,33
dövran,33
"dın,",33
dərdi,33
"getdi,",33
götür,33
gözün,33
"gözəl,",33
hamısı,33
hardasan?,33
i!,33
kər,33
lakin,33
"ləri,",33
lət,33
mas,33
mir,33
məhv,33
nad,33
qiyamət,33
qov,33
qurtar,33
qərar,33
ru,33
sar,33
sim,33
sun,33
səp,33
səy,33
tay,33
"ur,",33
yanında,33
zül,33
zərrə,33
İnsan,33
Şir,33
"əgər,",33
"əndə,",33
əx,33
0,32
Qan,32
"al,",32
amın,32
anım,32
axşam,32
bahar,32
baz,32
bizim,32
cəfa,32
dolan,32
düşdü,32
dın,32
idə,32
"imiş,",32
imlə,32
kirpik,32
larının,32
ləb,32
"m,",32
"mək,",32
na,32
nəd,32
olmay,32
"olmuşam,",32
onlar,32
oğ,32
oğl,32
qafil,32
qalx,32
qamət,32
qırmızı,32
rəh,32
rəhm,32
soy,32
tamam,32
toz,32
yaran,32
yolunu,32
Üzünü,32
öldür,32
"üm,",32
ürəy,32
şeir,32
şəxs,32
Ən,32
ələ,32
əsl,32
ətirli,32
əyin,32
...,31
1,31
8,31
9,31
Dedi,31
Dünyanın,31
Fər,31
Haqqın,31
Sanki,31
Sər,31
ban,31
bənzər.,31
cahan,31
edir.,31
etməz,31
fələyin,31
gərək.,31
halını,31
ilan,31
imiş,31
las,31
lığ,31
lərlə,31
"miş,",31
mədən,31
məsəl,31
pul,31
qab,31
qanad,31
rahat,31
ri,31
sın.,31
"unu,",31
uşaq,31
vəs,31
yal,31
yaşım,31
yel,31
yeri,31
yıx,31
Çin,31
Öl,31
ül-,31
"ür,",31
ınla,31
ığı,31
Bəlkə,30
Füzuli,30
Qəlb,30
Xalq,30
Zülf,30
"alıb,",30
aləmi,30
anlıq,30
ağlayırsan!,30
bulud,30
cism,30
dim.,30
dodağının,30
"etdin,",30
fəda,30
gülzar,30
gəlir.,30
heyr,30
hüsn,30
hələ,30
"ində,",30
iylə,30
kənar,30
mı,30
mədh,30
"məni,",30
"mənim,",30
oyn,30
qaldı,30
qüdrət,30
qış,30
rəv,30
söyləy,30
"sənəm,",30
tək.,30
təsir,30
"ub,",30
umu,30
zahid,30
çəkib,30
"üdür,",30
üzüm,30
şan,30
Ər,30
Əvvəl,30
Əz,30
"əni,",30
"əsən,",30
—,30
"?""",29
Elm,29
Hansı,29
Nəsiminin,29
"Ver,",29
Və,29
Xızır,29
Yoxsa,29
Zülfünün,29
"adan,",29
adın,29
alçaq,29
and,29
anlar,29
arzu,29
ağını,29
ca,29
dedi,29
du.,29
dım.,29
etdim.,29
etmə!,29
"fələk,",29
"gördüm,",29
gülən,29
gəldi.,29
həl,29
"il,",29
kaf,29
kitab,29
kor,29
laş,29
mar,29
mülk,29
qız,29
qələm,29
qəribə,29
"sam,",29
sel,29
səh,29
səl,29
tarix,29
vaxtı,29
yam,29
yolu,29
yux,29
zahir,29
zaman.,29
zərif,29
çatdır,29
çəkil,29
üd,29
ğun,29
ı-,29
ıy,29
Şirin,29
Əli,29
əbəd,29
əcək,29
ələrin,29
ərin,29
əsin,29
əzəldən,29
…,29
Bülbül,28
Dər,28
Xətai,28
"adı,",28
an!,28
andır,28
araq,28
"at,",28
ayn,28
ağz,28
bağlı,28
başında,28
başını,28
bin,28
"bənzər,",28
divar,28
dərdinə,28
"etməz,",28
eyl,28
hiylə,28
həqiqət,28
həz,28
"ikən,",28
iri,28
"irsən,",28
"isə,",28
mağ,28
məkan,28
məmiş,28
nəğ,28
nəş,28
"oğul,",28
pərd,28
qədrini,28
qət,28
sin.,28
səd,28
tapılmaz.,28
tökül,28
va,28
vəf,28
xalqa,28
xeyir,28
yaraş,28
yetir,28
ö,28
ölüm,28
şahın,28
ə!,28
əhr,28
əmin,28
ərdir.,28
Bəs,27
Gecə-gündüz,27
Gözümün,27
Kəbə,27
Musa,27
Onlar,27
Sal,27
"Vaqif,",27
"adım,",27
arım,27
bilən,27
cövhər,27
dağıl,27
div,27
diyar,27
dum,27
dü.,27
"edərəm,",27
fəxr,27
gördüm,27
gözəllər,27
"gün,",27
gəldi,27
"gəlir,",27
"gərək,",27
halı,27
hav,27
həvəs,27
i?,27
ibadət,27
kafir,27
kömək,27
küfr,27
mur,27
məm,27
qanını,27
sam,27
saq,27
"sin,",27
səbəbdən,27
torpağ,27
təh,27
"um,",27
"verdi,",27
vəfa,27
xasiyyət,27
yola,27
zülfü,27
zəncir,27
çəkən,27
"üb,",27
ümid,27
üç,27
ından.,27
ısı,27
"ıyam,",27
şux,27
şükür,27
ədəb,27
Adəm,26
Cam,26
"Cavad,",26
On,26
Qul,26
Qəd,26
Var,26
Ver,26
alını,26
anla,26
aqdan,26
arif,26
asında,26
ayna,26
ayrılıq,26
bayr,26
bağlan,26
"bilir,",26
burax,26
"dilər,",26
diy,26
dün,26
er,26
eylə,26
fani,26
feyz,26
fəth,26
gözdən,26
haqqı,26
inə.,26
ip,26
isini,26
istəməz.,26
"istər,",26
"iz,",26
"könlüm,",26
lah,26
"madı,",26
meydan,26
mün,26
nəfəs,26
nəqş,26
odu,26
olduğ,26
olmaq,26
olum,26
olur.,26
onunla,26
pir,26
qaz,26
qönçə,26
rəqib,26
suz,26
söz.,26
sözünü,26
sü,26
səhr,26
tab,26
tor,26
təmiz,26
varlığ,26
xalq,26
xəncər.,26
yaqut,26
yarat,26
yaşıl,26
yığ,26
"zahid,",26
zind,26
Özünü,26
"çək,",26
özünə,26
üf,26
İç,26
ıbdır,26
Şirvan,26
şahı,26
şeytan,26
şəf,26
əhli-,26
ələri,26
əmə,26
əsas,26
əziz,26
"Bu,",25
Xaqan,25
ahım,25
almaq,25
ayağ,25
açıb,25
"açıb,",25
açıq,25
başa,25
"budur,",25
bəzən,25
"canım,",25
cəl,25
dol,25
dun,25
dığı,25
dəv,25
dəyər.,25
et!,25
etsin,25
etsə,25
getmə!,25
gizlət,25
"gördü,",25
göylərə,25
gözümdən,25
gülüst,25
həb,25
həq,25
"ibdir,",25
imam,25
imiş.,25
könlüm.,25
"kəs,",25
mil,25
mis,25
mişəm,25
nəh,25
olduğu,25
olma,25
pərvanə,25
quşu,25
"qəm,",25
sax,25
sevgili,25
"sənsən,",25
taxt,25
tutmuş,25
tədbir,25
var?,25
verər,25
vəsl,25
xəncər,25
yada,25
yerdən,25
yey,25
yük,25
yəqin,25
zülfünü,25
zəhər,25
Çün,25
"çıxar,",25
özüm,25
İş,25
Əs,25
əndir,25
"əyəm,",25
"""Ey",24
An,24
Bəd,24
Görün,24
Göy,24
Hicr,24
Həq,24
Kövsər,24
Məndən,24
Qara,24
Tər,24
a!,24
alına,24
ama,24
artır,24
atın,24
ayın,24
baxış,24
başı,24
beş,24
bircə,24
dilə,24
dolaş,24
dür.,24
də.,24
dəmir,24
etibar,24
"etsən,",24
eyləy,24
görmək,24
görəndə,24
"ilər,",24
"isən,",24
kamal,24
"kim,",24
küç,24
larda,24
lis,24
madan,24
maz.,24
mənzil,24
məsin,24
məz.,24
niz,24
nöqsan,24
olmadı.,24
oxuyur,24
pərvan,24
qiymət,24
qəb,24
qəl,24
qəmdən,24
qərib,24
rəngi,24
saçının,24
sirri,24
sözlər,24
sün,24
səb,24
"tutub,",24
tərəfə,24
u.,24
xəyalı,24
yüksəl,24
Ünsüri.,24
çün,24
"çəkib,",24
üt,24
İsmayıl,24
İst,24
Şam,24
şövq,24
şəhər,24
şərəf,24
ərdir,24
əğ,24
-i,23
Amma,23
Cavad!,23
Haqqdan,23
Hey,23
Hələ,23
Qızıl,23
Saç,23
"Seyyid,",23
Tək,23
alov,23
anını,23
asız,23
bağç,23
"bu,",23
"bəri,",23
"desəm,",23
dodağ,23
döz,23
dünyadan,23
düy,23
düşdü.,23
düşmüş,23
"düşər,",23
dərgah,23
edib.,23
eşqi,23
fikr,23
fəğan,23
gecə-gündüz,23
"görüb,",23
gözünün,23
gülüstan,23
gəl!,23
gəlir,23
gənc,23
hamı,23
hilal,23
inan,23
indir,23
irə,23
kan,23
kimi.,23
kök,23
könlümə,23
lalə,23
larla,23
lərdə,23
lərim,23
mi?,23
möhtac,23
növ,23
qanı,23
qibl,23
qismət,23
qon,23
quy,23
rəhmət,23
"saqi,",23
sevg,23
sevgil,23
sevinc,23
"siz,",23
sədəf,23
sənsiz,23
verdi.,23
vəl,23
xəl,23
xər,23
yarp,23
yağ,23
zülfünə,23
zəl,23
Çək,23
çalış,23
çiçək,23
"çoxdur,",23
"çəkdi,",23
çəmən,23
öy,23
ümü,23
ümə,23
ı!,23
ı?,23
"ımı,",23
ını.,23
ıya,23
şamı,23
şərabı,23
Əh,23
"əli,",23
əlində,23
"ərdir,",23
ərəm,23
"əyə,",23
"!""",22
Ab,22
Ayrılıq,22
Canım,22
Düşmən,22
El,22
Gər,22
Hicran,22
Ləl,22
Mər,22
Naz,22
Neçə,22
Pər,22
Tur,22
Zülm,22
aman,22
amət,22
anlığ,22
"aram,",22
arət,22
atı,22
ağıllı,22
ağın,22
bayram,22
bağrımı,22
boyun,22
bür,22
daxil,22
doy,22
düyün,22
dərs,22
dəst,22
getdi,22
gil,22
gizl,22
göyə,22
gözlərin,22
gülş,22
gündə,22
gəldin!,22
hasil,22
hazır,22
huş,22
ig,22
ilərin,22
"imi,",22
irdi.,22
"isi,",22
itir,22
iv,22
iyyəti,22
işin,22
işıq,22
kür,22
kəlam,22
luğ,22
lığı,22
ləm,22
lərindən,22
ma.,22
mah,22
mu,22
möcüz,22
mütləq,22
məndə,22
məti,22
nəf,22
nəz,22
oduna,22
olmuşdur.,22
oxu,22
padşah,22
peyğəmbər,22
piş,22
qazan,22
qey,22
qeyr,22
qəmz,22
rüsvay,22
sab,22
"saldı,",22
saz,22
seç,22
sur,22
süfr,22
səadət,22
sərgərdan,22
təkrar,22
uda,22
"udur,",22
vermiş,22
xumar,22
zikr,22
zir,22
"çatdı,",22
öv,22
övl,22
özün,22
ında.,22
ıram,22
ıyla,22
"şahı,",22
ə?,22
ərş,22
əsər,22
ətini,22
ətr,22
Ad,21
Ağıl,21
Bundan,21
Dövlət,21
Gördü,21
Məclis,21
Mənsur,21
Onda,21
Qaş,21
Tanrı,21
Tut,21
Vüs,21
Yəqin,21
amış,21
"anım,",21
arasında,21
arx,21
ayan,21
ağlam,21
bəz,21
bəzək,21
cahil,21
canımın,21
daşı,21
"dedilər,",21
"deyə,",21
doğr,21
düşər,21
"dədir,",21
ehtiyac,21
gö,21
göndər,21
gör!,21
göydə,21
gözəllik,21
gəd,21
"gəlib,",21
halımı,21
hünər,21
"idim,",21
iyin,21
kölg,21
kənd,21
kəsil,21
"ları,",21
manı,21
"mişəm,",21
mun,21
möhkəm,21
mır,21
"mışam,",21
məgər,21
"mərəm,",21
məş,21
niş,21
nuru,21
"nuru,",21
oda,21
"pəri,",21
qa,21
quru,21
qüs,21
qəz,21
ruz,21
rü,21
"sal,",21
sanma,21
sən?,21
sənə.,21
tağ,21
"varsa,",21
"verib,",21
vəfasız,21
vəz,21
xəlvət,21
yanan,21
zam,21
zəhmət,21
çevir,21
çeş,21
"çıxdı,",21
ınız,21
"ıram,",21
şərbət,21
"əlbəttə,",21
ənn,21
əsi.,21
əst,21
ətəy,21
At,20
Canımı,20
Gecə,20
Har,20
Hərçənd,20
Kər,20
Qaf,20
Qorx,20
Su,20
a?,20
abad,20
abi-həyat,20
ansız,20
"asan,",20
atəşi,20
axt,20
ağl,20
bah,20
bildir,20
bilər,20
budur.,20
bənz,20
candan,20
cavab,20
ceyr,20
cövr,20
dakı,20
dini,20
diyi,20
dodağın,20
dost!,20
"dost,",20
dül,20
dəry,20
"edən,",20
etməz.,20
fil,20
fəz,20
fəğ,20
görmüş,20
görməy,20
görüş,20
gündən,20
"id,",20
ilik,20
"imdir,",20
imdir.,20
"indi,",20
istəm,20
işim,20
kölgə,20
könlü,20
"kən,",20
kəsin,20
"lidir,",20
lıqdan,20
ləzz,20
mamış,20
mehrab,20
mülkünün,20
müştaqam.,20
mədi,20
məhrum,20
nəm,20
olar?,20
orada,20
peyman,20
"qaldı,",20
qarşı,20
qopar,20
qulun,20
qəzəb,20
rahatlıq,20
salmış,20
saxlay,20
suy,20
sənsiz.,20
sənət,20
unut,20
usu,20
uğ,20
xalqı,20
"yandı,",20
yazıq,20
yeli,20
yetər,20
Çıx,20
çı,20
çır,20
çəkdi,20
ön,20
üzə,20
İr,20
ımız.,20
Şər,20
şaha,20
əcəb,20
ədalət,20
"ənlər,",20
ər?,20
"ərsən,",20
ərəm.,20
""",",19
Axırda,19
Bəzən,19
Daim,19
Ded,19
E,19
Hikmət,19
Həmişə,19
Kül,19
Mis,19
Mü,19
Məhəmməd,19
Məst,19
Nəsim,19
Od,19
Səbr,19
Vaqifin,19
Xaqaninin,19
Yəni,19
afət,19
ahı,19
ahımın,19
alının,19
ap,19
arını,19
ağzı,19
ağır,19
bağı,19
başıma,19
bir-bir,19
budaq,19
bux,19
cananın,19
cavan,19
dilbərin,19
dili,19
duz,19
düny,19
düşün,19
dəyər,19
edim,19
etdim,19
"etsin,",19
etsin.,19
fikri,19
fir,19
görünür.,19
göstərən,19
haq,19
huri,19
hərçənd,19
ih,19
ilahi,19
ili,19
"istərəm,",19
iti,19
izin,19
j,19
ki:,19
köpək,19
larından,19
liklə,19
man.,19
mat,19
meydana,19
meyxan,19
müsəlman,19
nəfs,19
"olmuş,",19
ols,19
"olum,",19
oxunu,19
peş,19
poz,19
qardaş,19
qarş,19
qın,19
qəmi,19
ran,19
rini,19
sizə,19
"səhər,",19
sənin.,19
səxavət,19
tikan,19
tufan,19
"tut,",19
ucal,19
udu,19
yaxş,19
yetər.,19
yolda,19
yoxdur!,19
yırt,19
zərər,19
çağır,19
"çəkmə,",19
ömr,19
ör,19
üq,19
ürəyim,19
ı*.,19
ımdır.,19
ınca,19
"ıq,",19
Şərab,19
şair,19
şəb,19
şən,19
əsiz,19
əsr,19
əyil,19
əzəl,19
Aşiqin,18
"Bax,",18
Cənnət,18
Daha,18
Dedilər:,18
Di,18
Dodağın,18
Dörd,18
Fazil,18
Fərhad,18
Həsrət,18
Məndə,18
Məsih,18
Niyə,18
Saçının,18
Sev,18
Sərv,18
Xızr,18
abı,18
agah,18
ah-,18
"alı,",18
aq.,18
"arı,",18
aslan,18
axırda,18
ayrılığ,18
ayıl,18
az.,18
"açdı,",18
ağacı,18
ağından,18
aşiqin,18
bağl,18
bağının,18
bi,18
bost,18
boğaz,18
coş,18
cəhənn,18
dilər,18
do,18
dodaqlarının,18
dua,18
"dum,",18
dövranın,18
döy,18
dük,18
dığım,18
dərdimə,18
edil,18
"edim,",18
"etmişəm,",18
etmə.,18
etməy,18
eyn,18
fəqir,18
"göz,",18
"gəlmir,",18
ha,18
halda,18
hanı?,18
hün,18
ibdir,18
ikən,18
iləri,18
iniz,18
irlər,18
ix,18
kün,18
likdən,18
"maram,",18
meyv,18
müddət,18
mülkü,18
"məndən,",18
mərəm,18
məsi,18
nig,18
"olan,",18
olmaram.,18
olmasa,18
"olmasa,",18
"onun,",18
parlayan,18
parça,18
pənah,18
qo,18
qoca,18
qol,18
qoyub,18
qurb,18
qı,18
qılıncı,18
qəf,18
qəflət,18
qənd,18
ra,18
rak,18
rast,18
saldı,18
saray,18
sehr,18
suya,18
"səm,",18
səndə,18
səninlə,18
tamamilə,18
tu,18
"tutdu,",18
təsvir,18
təz,18
udur.,18
ulu,18
"undan,",18
vəd,18
vəsf,18
xarab,18
xoşbəxt,18
xoşdur.,18
xəbərdar,18
yanı,18
yaxın,18
yox.,18
Ömr,18
Ürək,18
çıxdı,18
çəkin,18
ök,18
ölk,18
İstər,18
ımla,18
"ısan,",18
şa,18
şöhrət,18
şəfa,18
Ənbər,18
Əzəldən,18
əhər,18
əlini,18
əll,18
əman,18
"əsidir,",18
ətinə,18
',17
Aş,17
Birdən,17
Bizim,17
Bəy,17
Dedim:,17
"Ey,",17
Fələyin,17
Gərçi,17
Hal,17
Həqiqət,17
Məş,17
Ney,17
Oğ,17
Rey,17
Sin,17
Sonra,17
Səb,17
Səndə,17
Təb,17
Xud,17
"ab,",17
"alar,",17
alış,17
asim,17
atar,17
axan,17
ağlayan,17
"ağı,",17
bilsin,17
bürün,17
bəb,17
bəlkə,17
bən,17
bərabər,17
"ca,",17
canıma,17
cır,17
"cə,",17
cəhənnəm,17
das,17
dav,17
divanə,17
doldur,17
"dünyada,",17
dərdimi,17
dərhal,17
dərviş,17
"elə,",17
evdə,17
fəq,17
fərq,17
getdi.,17
gözəllərin,17
gülü,17
gündüz,17
hansı,17
ilin,17
im?,17
ini.,17
iyy,17
"keçdi,",17
kiçik,17
ladı,17
"lah,",17
ləd,17
mağı,17
"mı,",17
məc,17
məktəb,17
mənəm.,17
məqam,17
niqab,17
nəsib,17
"olmasın,",17
paltar,17
parç,17
qalan,17
"qalıb,",17
qana,17
qaranlıq,17
qarğ,17
qarış,17
qop,17
qum,17
qədr,17
rahatlığ,17
salıb,17
"su,",17
sözün,17
sübut,17
sır,17
"səni,",17
"sənin,",17
sərgərd,17
təbiət,17
ucu,17
"uyam,",17
vanı,17
"vardı,",17
"vaxtıdır,",17
verir,17
vəfalı,17
xalın,17
yayıl,17
yağış,17
yum,17
yüksək,17
zamanın,17
zay,17
çatdı.,17
çöhr,17
"çünki,",17
çılpaq,17
"çəkər,",17
ü.,17
"ünü,",17
üyə,17
ımızdır.,17
Şahın,17
şahlar,17
şik,17
Əf,17
əcc,17
ərdən,17
"ərək,",17
əsən.,17
"ətdir,",17
ətinin,17
’,17
..,16
Bahar,16
Başqa,16
Bəxt,16
Cav,16
Cöv,16
Cəm,16
Dünən,16
Eşqinin,16
Gecələr,16
Hamısı,16
Key,16
Mək,16
Məl,16
Onların,16
Qər,16
Ruh,16
Saq,16
Sultan,16
Təzə,16
Vey,16
Yarın,16
Zər,16
ail,16
anının,16
axı,16
ayr,16
ağının,16
ağız,16
bağında,16
behişt,16
bey,16
bilmirəm,16
bilməd,16
bol,16
camı,16
canın,16
daima,16
dara,16
dedilər.,16
deyilmi?,16
dilər.,16
dostlar,16
doğuldu.,16
duy,16
"dövran,",16
dövründə,16
döş,16
düşən,16
dərdini,16
dərin,16
edərəm,16
etdin.,16
eşqə,16
fan,16
fitn,16
fəryadı,16
fəs,16
gizlən,16
görmədim.,16
görməz,16
gözünü,16
gülşən,16
gəlmiş,16
gəlməz,16
hala,16
hökmü,16
icə,16
idim.,16
imiz.,16
imk,16
"indir,",16
insaf,16
irdi,16
"istəyirsən,",16
isən,16
iya,16
izi,16
izzət,16
işlər,16
ki?,16
kimə,16
"lakin,",16
laq,16
lə.,16
malı,16
maya,16
məlhəm,16
mənəm,16
məx,16
məyən,16
nifrət,16
nisbət,16
nəyə,16
olma.,16
olmadı,16
olmuş.,16
onlara,16
onları,16
ordu,16
ovçu,16
parılt,16
pey,16
qib,16
qonaq,16
qox,16
qurul,16
qədd,16
reyh,16
rin,16
rüsva,16
rəva,16
sah,16
saral,16
sual,16
surəti,16
söyləd,16
sözləri,16
sıx,16
sığ,16
səhv,16
səsi,16
tamaş,16
tanış,16
taq,16
titr,16
tur,16
türk,16
təş,16
"una,",16
"uz,",16
val,16
verər.,16
vir,16
vücudu,16
vətən,16
xatırl,16
xuraman,16
xəbərsiz,16
yanar,16
yaram,16
yaxşılıq,16
yeddi,16
yeni,16
Ömür,16
çıxan,16
çəkər,16
ömrüm,16
öyrən,16
özgə,16
İl,16
İs,16
"ırsan,",16
Şad,16
şid,16
şikayət,16
ədal,16
əhval,16
əlif,16
əmən,16
əsla,16
Ac,15
Ağz,15
Buna,15
Bəl,15
Cah,15
Cəf,15
Danış,15
Dövr,15
Dəf,15
Dəm,15
Gizli,15
Gördüm,15
Gözüm,15
Gənc,15
Hacı,15
Ham,15
Hanı,15
Harada,15
Könlümün,15
Kənan,15
Müş,15
Mənəm,15
Nuh,15
Nəs,15
Pak,15
Qap,15
Rəh,15
Rəhman,15
Sür,15
Səba,15
Səf,15
Torp,15
Xal,15
Xan,15
Xəta,15
Zak,15
Zülfün,15
alim,15
"allah,",15
"ana,",15
ans,15
"anın,",15
aradan,15
arz,15
arına,15
axmaq,15
ayağa,15
"az,",15
"ağa,",15
ağında,15
bağrım,15
"belə,",15
bizi,15
bun,15
buna,15
bunun,15
bül,15
bəh,15
cahanda,15
cahanı,15
cama,15
camalını,15
cü,15
cəh,15
cəs,15
demək,15
"din,",15
durub,15
"dönüb,",15
dürr,15
dılar.,15
dığın,15
dərk,15
etdiyi,15
"etmədi,",15
fəzil,15
gerçək,15
"get,",15
görmüşəm.,15
görəndə.,15
gözümə,15
gülə,15
"günəş,",15
gəlmir?,15
hümmət,15
həm.,15
həmin,15
həqiq,15
hərf,15
həs,15
həy,15
i:,15
ikdən,15
incit,15
içind,15
içindəyəm.,15
karvan,15
kas,15
kef,15
"kimidir,",15
kiş,15
könlünü,15
"ların,",15
layan,15
"lik,",15
lütfü,15
lıqla,15
madı.,15
"man,",15
manın,15
ması,15
mol,15
möh,15
möhn,15
mülkünə,15
məclisi,15
mənası,15
mərcan,15
nitq,15
nədən,15
nəq,15
olaraq,15
oldum,15
"olmadı,",15
olmayan,15
ort,15
oxuy,15
oyan,15
oğlu!,15
pəriş,15
"q,",15
qulaq,15
qöv,15
qədəhi,15
ruzig,15
rəs,15
rəğbət,15
saldı.,15
"sevgilim,",15
soyuq,15
susamış,15
suyunu,15
sözə,15
sığmaram.,15
səba,15
sərdar,15
sərvə,15
tir,15
torpaqla,15
torpağına,15
tutu,15
təd,15
təkcə,15
udun,15
verir.,15
"verər,",15
vər,15
yaman,15
yanağının,15
"yandırdı,",15
yarı,15
yazıl,15
yoxsul,15
zad,15
zalım,15
ziyan,15
zəfər,15
zəng,15
çap,15
çağ,15
çul,15
çör,15
çörək,15
çıxıb,15
ölkəs,15
özündən,15
üdür,15
üzl,15
ılıq,15
şahid,15
şer,15
şöl,15
Əq,15
əcə,15
ədi,15
əhd,15
əl-,15
əlli,15
əndir.,15
"ənə,",15
ətindən,15
ətraf,15
ətri,15
əyini,15
əyri,15
"əzizim,",15
20,14
:::,14
Budur,14
Bədən,14
"Bəli,",14
Bəsdir,14
Canı,14
Daş,14
Din,14
Doğ,14
Dünyanı,14
Eş,14
Hüsnünün,14
Həs,14
Həyat,14
Kimsə,14
Kəs,14
Molla,14
Mür,14
Məd,14
Məqsəd,14
Məryəm,14
Natəv,14
Nədir,14
Qəl,14
Rizvan,14
Saqi,14
Sar,14
Sus,14
Söyləd,14
Ulduz,14
Yas,14
Yaşıl,14
Yeddi,14
ab.,14
adı.,14
aldan,14
aldı,14
alıb,14
"alır,",14
arzus,14
astan,14
ata,14
atını,14
avar,14
azı,14
"aç,",14
ağr,14
ağım,14
"b,",14
başından,14
bid,14
"birdir,",14
bo,14
boyn,14
bənzətdim.,14
bəti,14
cil,14
dalğ,14
dağı,14
dağıt,14
"dedi,",14
"dedim,",14
deyə,14
digər,14
dilli,14
dir?,14
diyim,14
dodaqları,14
dodağından,14
durur.,14
"düşdüm,",14
düşər.,14
"edirsən,",14
"edirəm,",14
edəndə,14
etdir,14
evi,14
"eylə,",14
eşşək,14
fayda,14
faş,14
gedər.,14
görsənər.,14
"göstər,",14
göydən,14
gözləy,14
gözünə,14
güm,14
günəşin,14
gərd,14
halıma,14
halın,14
haqqın,14
haram,14
has,14
hücum,14
ib-,14
ibsən,14
idin,14
"irdi,",14
irin,14
iyim,14
izə,14
işdə,14
"keçər,",14
kişi,14
kə,14
"ladı,",14
lanan,14
"landı,",14
"lü,",14
lük,14
maqla,14
mağın,14
murad,14
mülkünü,14
mı?,14
mışam.,14
məclisində,14
məhşər,14
məna,14
məq,14
mərhəmət,14
məyin,14
nadan,14
naxış,14
nurlu,14
nəsihət,14
"odur,",14
olacaq,14
"olaydı,",14
olubdur,14
oxun,14
oxş,14
qaldı.,14
qapı,14
qapıs,14
qarşısında,14
qaşın,14
qiy,14
qəfəs,14
qəlbinə,14
qəmə,14
qəsd,14
qəza,14
razı,14
reyhan,14
rəti,14
"sahibi,",14
salar,14
"salıb,",14
saçan,14
saçın,14
sevda,14
sit,14
susuz,14
sübhə,14
sındır,14
səhif,14
sən!,14
sənsən,14
sərvi-,14
tabe,14
tamaşa,14
torpağı,14
tür,14
təq,14
tərəfdən,14
təzəl,14
umun,14
ust,14
utu,14
varlıq,14
"verir,",14
vermə,14
"vermə,",14
vüsalını,14
xana,14
xaqan,14
xor,14
xəb,14
xəz,14
yalnız,14
yalvar,14
yanaq,14
yenə.,14
yıxıl,14
zülmü,14
Üzü,14
çin,14
çoxlu,14
çərx,14
üsü,14
üyü,14
üzdən,14
üzrə,14
İslam,14
ıqdan,14
Şeyx,14
şü,14
şəriət,14
Ət,14
"ədi,",14
"ədən,",14
əfsan,14
"ələ,",14
əmr,14
ənc,14
ətim,14
əzbər,14
11,13
12,13
18,13
Ahımın,13
"Allah,",13
Artıq,13
Bizə,13
Bun,13
Dodağının,13
Göydə,13
Haq,13
Keç,13
Misir,13
Mün,13
Məcn,13
Nam,13
Par,13
Pəri!,13
Pərv,13
Qanlı,13
Qas,13
Qey,13
Quran,13
Qılınc,13
Rəhmanın,13
Seyyid,13
Sir,13
Səl,13
Təs,13
Vüc,13
Xur,13
Xəstə,13
Xət,13
Xəz,13
Yusifi,13
adan.,13
ahü-,13
ali,13
aln,13
altında,13
ani,13
"araq,",13
"arlar,",13
arzul,13
asan.,13
aydın,13
ayna.,13
ayrılır.,13
ağlar,13
ağlay,13
"aşiq,",13
aşiqlərin,13
"baxma,",13
bay,13
bağlay,13
bağr,13
başq,13
bilməy,13
birdir.,13
boyu,13
bu.,13
böl,13
böy,13
bəhr,13
bəhs,13
bəlaya,13
bərbad,13
bəzəy,13
can.,13
"canan,",13
canımız.,13
cənnətə,13
dadır.,13
dastan,13
"de,",13
demə,13
"demə,",13
"deyim,",13
deyən,13
didar,13
dinə,13
diz,13
dodağını,13
dolun,13
"dılar,",13
dəli,13
dərd-,13
dərdim,13
dərmanı,13
edərəm.,13
etib,13
evini,13
eyib,13
eyləm,13
eşid,13
eşqinin,13
fəna,13
görməd,13
görünür,13
"görünür,",13
"götür,",13
gülün,13
günəşdən,13
güz,13
gəm,13
gərəkməz.,13
hiyləgər,13
həsəd,13
"i""",13
iddi,13
imdir,13
"inan,",13
incəl,13
indəki,13
insan.,13
insanlar,13
intiz,13
irsən,13
ixtiyar,13
iyini,13
"iyə,",13
izah,13
"içində,",13
içən,13
"iş,",13
kil,13
körp,13
"lara,",13
laz,13
li-,13
liyini,13
lövh,13
masın,13
"masın,",13
masın.,13
mışdır,13
"mışdır,",13
məkdən,13
məşhur,13
nazlı,13
nəsl,13
nət,13
ob,13
odur.,13
olmuşam,13
"olmuşdur,",13
"olsaydı,",13
oynar.,13
parça-parça,13
pərəst,13
qabarc,13
qalıb,13
qanımı,13
qanına,13
qayn,13
qayğ,13
qaşı,13
qoyma,13
qucaq,13
qüd,13
qə,13
qəlbim,13
qəmgin,13
ruzi,13
rəb,13
saat,13
sadiq,13
saxlam,13
sevgilinin,13
siniz,13
sürah,13
"sız,",13
tanı,13
"tapdı,",13
tuf,13
"tutar,",13
tövbə,13
təslim,13
təzələ!,13
təəssüf,13
ucundan,13
udan,13
vardır,13
"vardır,",13
varsa,13
versə,13
vücud,13
xeyli,13
xil,13
xəzinə,13
yalan,13
yanağ,13
yandıran,13
yanğ,13
yaradı,13
yasəmən,13
yağdır,13
yaşları,13
yeksan,13
yen,13
yolunun,13
yuva,13
zindan,13
zövqü,13
zənn,13
Ümid,13
Ürəyim,13
çu,13
çöl,13
çəng,13
öm,13
ört,13
öt,13
ümün,13
"İlahi,",13
İraq,13
"ıbdır,",13
ım?,13
ımı.,13
ındakı,13
ırsan,13
ıt,13
Şükür,13
şövk,13
şərt,13
Əc,13
Əy,13
əfv,13
əkdən,13
əksi,13
əlamət,13
əlin,13
əlinə,13
"ələr,",13
"əndir,",13
əql,13
ərşə,13
ərək,13
əsidir.,13
əvəz,13
"əyi,",13
о,13
***,12
10,12
13,12
14,12
15,12
16,12
17,12
Bir-,12
Birisi,12
Boyn,12
Canıma,12
Cism,12
Deyir,12
Dodağ,12
Dövran,12
Dəclə,12
Et,12
Fəq,12
Gec,12
Gözümdən,12
Gündüz,12
Günəşin,12
Gəldi,12
Hadi!,12
Kaş,12
Ki,12
Küç,12
Lalə,12
Ləb,12
Nəf,12
Orada,12
Sevgil,12
Sevgilinin,12
Sur,12
Söy,12
Sözün,12
Tap,12
Tən,12
Vüsalın,12
Vəslin,12
Xaqaniyə,12
Yaxşı,12
Yaz,12
Yox,12
Yəq,12
Zül,12
Zülfü,12
aciz,12
adi,12
"ah,",12
aha,12
alç,12
alıdır.,12
alından,12
"aman,",12
"ancaq,",12
"anlar,",12
anım.,12
anında,12
aqda,12
aqlar,12
"arsa,",12
"arsan,",12
asıl,12
at.,12
"atdı,",12
atdı.,12
açan,12
"açıldı,",12
ağlayır,12
ağlı,12
bab,12
bağrı,12
bildi,12
budağ,12
bəsləyər.,12
cahanın,12
camaat,12
"canı,",12
canına,12
cin,12
cənnəti,12
deyib,12
deyiləm.,12
"deyirlər,",12
dikcə,12
dilbərə,12
dildar,12
dilə!,12
diq,12
"doldu,",12
doludur.,12
don,12
doqquz,12
düçar,12
düşmüşəm.,12
dılar,12
dıq,12
dıqca,12
dədir.,12
dəh,12
"dəndir,",12
dəndir.,12
dərdli,12
edərd,12
"etmiş,",12
etməs,12
eşqində,12
eşqinə,12
fır,12
fəl,12
fərəh,12
fət,12
gedib,12
"gedər,",12
geyin,12
gird,12
gizləd,12
gördük,12
göyün,12
gözləri,12
gəl.,12
gəlin!,12
gələr,12
gərəkdir.,12
halal,12
hil,12
hərək,12
həş,12
il-,12
imizi,12
in!,12
indir.,12
"inin,",12
"insan,",12
istəyir,12
iyəm.,12
işıqlan,12
işıqlandır,12
kaman,12
kimidir.,12
kol,12
köhnə,12
köp,12
köç,12
kəf,12
layıb,12
lib,12
libas,12
linin,12
liyinə,12
lövhəs,12
lığın,12
lər:,12
lərimi,12
mam,12
mana,12
mayan,12
millət,12
minnət,12
misən,12
müdrik,12
mülkündə,12
müştaq,12
mışdı,12
mə.,12
məhrəm,12
məzhəb,12
nəşə,12
odlu,12
ol.,12
"ola,",12
oldun,12
olduq,12
olması,12
olmasın.,12
olsan,12
onların,12
oxşay,12
oyun,12
oğul,12
pad,12
peyk,12
pəri,12
qalm,12
"qalmadı,",12
qarğa,12
qaşının,12
qin,12
qoxulu,12
"qoydu,",12
quc,12
qurbanın,12
qurtul,12
qürur,12
qıy,12
qəmindən,12
qəmini,12
rədd,12
rəq,12
"sanma,",12
sap,12
sevdas,12
siy,12
sol,12
"sun,",12
sön,12
"söylə,",12
sələr,12
sərf,12
tamah,12
tapşır,12
tim,12
tub,12
tuş,12
töhfə,12
tökən,12
təhlük,12
təqdir,12
tərz,12
təv,12
ulduzlar,12
uma,12
ur.,12
usan,12
vücudun,12
vəh,12
vəsfini,12
xalı,12
xatir,12
xeyr,12
xilas,12
"yan,",12
"yanar,",12
yarad,12
"yarım,",12
yas,12
yav,12
yek,12
"yeli,",12
yerinə,12
"yetər,",12
yor,12
yəni,12
zin,12
zəh,12
zərr,12
zəv,12
Öm,12
Özü,12
Üzünə,12
çatmaz.,12
çeşməs,12
çıxar.,12
çəkin!,12
çəkmək,12
çəkər.,12
önündə,12
övlad,12
"üzlü,",12
İskəndər,12
ıcı,12
"ımdır,",12
ığını,12
şeyi,12
şəm,12
Əhməd,12
ələr.,12
ələrə,12
"əng,",12
"ərsə,",12
əskik,12
ətsiz,12
əydi,12
"əydi,",12
19,11
Allahdan,11
Aləmdə,11
Axır,11
Ayrılığ,11
Ayrılığın,11
Bağdad,11
Başı,11
Boy,11
Boyun,11
Cahanda,11
Dilbərin,11
Dur,11
Dön,11
Eşqə,11
Fik,11
Füzulini,11
Fəl,11
Fəzil,11
Gəz,11
Hüm,11
Həmin,11
Kəd,11
Loğ,11
Möcüz,11
Məh,11
Mələk,11
Nərgiz,11
Odur,11
Or,11
Ov,11
Pərişan,11
Pərvanə,11
Qəb,11
Qəf,11
Rəbb,11
Rəng,11
Rəsul,11
"Seyyida,",11
Söylə,11
Səd,11
Sədəf,11
Tal,11
Tez,11
Tür,11
Tə,11
Təq,11
Vüsal,11
Zahid,11
"acaq,",11
acaq.,11
adlan,11
adına,11
adə,11
ahın,11
ahət,11
aların,11
aman!,11
"andan,",11
anından,11
arsan,11
"arım,",11
axir,11
ayağına,11
ayağını,11
ayıb,11
ayə,11
azğın,11
ağlayırsan?,11
ağlın,11
ağına,11
aşiqi,11
bazar,11
bağlamış,11
bağış,11
başımı,11
beh,11
beləcə,11
big,11
bilirəm,11
"bir,",11
bir-birinə,11
birisi,11
buyur,11
bükül,11
bəbəyi,11
bədənim,11
bənzəy,11
bərab,11
cöv,11
cümlə,11
cər,11
dadır,11
dan-,11
"deyin,",11
deş,11
dib,11
diləy,11
diril,11
dodağı,11
dostluq,11
dostun,11
duq,11
dövrü,11
dünən,11
"düşüb,",11
"dıq,",11
dır?,11
dən-,11
dənizi,11
dənizinin,11
dərdin,11
dərdinin,11
dərv,11
dəyməz.,11
endir,11
etmişdir.,11
"etsəm,",11
etsən,11
evində,11
eyi-,11
fi,11
fit,11
"gedib,",11
gedən,11
görsə,11
gözlərim,11
gözündən,11
"gülüm,",11
güman,11
günəşi,11
"gələr,",11
gərçi,11
"gətir,",11
"gəzər,",11
hadis,11
hakim,11
harad,11
haradadır?,11
heyif,11
hidayət,11
hör,11
həddən,11
həll,11
"həmişə,",11
həv,11
ibdir.,11
idim,11
ik.,11
ilmiş,11
iltif,11
ilən,11
ilərə,11
"imdən,",11
incim,11
iqr,11
iqrar,11
irəm.,11
"istə,",11
istər.,11
iyyətini,11
iyəm,11
içər,11
işini,11
işv,11
keçir,11
"keçmişəm,",11
kö,11
"könlümə,",11
"kəsdi,",11
kəş,11
lazım,11
likdə,11
lıqda,11
lərində,11
"lərini,",11
ləşdir,11
maram,11
mayıb,11
meh,11
mirvar,11
"mişdir,",11
murdar,11
mus,11
mür,11
müs,11
müşkü,11
mışam,11
məlum,11
məndədir.,11
"məsin,",11
"məyə,",11
məzəmmət,11
nec,11
niyyət,11
nər,11
nəsih,11
odlara,11
odundan,11
ola.,11
olaydı!,11
"oldun,",11
olsun!,11
"olubdur,",11
onundur.,11
oğru,11
pərdə,11
qalmadı.,11
"qara,",11
qi,11
qor,11
qoş,11
qoşun,11
quz,11
qədəm,11
qəlbimin,11
qən,11
rah,11
riy,11
riyakar,11
riz,11
rəf,11
salam,11
"salma,",11
saqqal,11
sav,11
sevdası,11
sirlər,11
suyun,11
söylədi:,11
süm,11
"sün,",11
sürmə,11
səbəbi,11
səfər,11
"səndən,",11
səxav,11
tapmışam,11
tiğ,11
tul,11
tutmaq,11
tökülür.,11
töv,11
tərəz,11
təəccüb,11
um.,11
"uq,",11
ustad,11
uğr,11
verib,11
verməz.,11
vüsalına,11
vüsalından,11
xaç,11
xum,11
xur,11
xəstəl,11
yandırdı,11
yaradan,11
yed,11
yoluna,11
yəq,11
zadə,11
zah,11
zamanda,11
"zülfünə,",11
zünnar,11
zək,11
zənc,11
zəncirinə,11
"Çünki,",11
"çi,",11
çir,11
çob,11
çök,11
çəm,11
çən,11
çət,11
övq,11
övr,11
ürəyi,11
"üzün,",11
"üzünü,",11
"üzünə,",11
üçündür.,11
İb,11
ıc,11
ıdan,11
ıların,11
"ıma,",11
ımdır,11
ınc,11
ıq.,11
ırdı,11
Şe,11
Şövq,11
şadlıq,11
"şirin,",11
Əd,11
Əhli-,11
Əm,11
əbəs,11
əcəl,11
"əhli,",11
əhlini,11
əkdir,11
əki,11
əlik,11
əm?,11
əmdə,11
əmdən,11
ərdi,11
ərkən,11
əsiri,11
əta,11
ətrafında,11
əyy,11
əzm,11
-n,10
"Allaha,",10
Alt,10
Ancaq,10
Arz,10
As,10
Az,10
Azərbaycan,10
Aç,10
Bağr,10
Başına,10
Bey,10
Bircə,10
Bunu,10
Böyük,10
Bütünlüklə,10
Bər,10
Cahanı,10
Cəh,10
Cəmş,10
Dedilər,10
Diş,10
Dünyaya,10
Dəl,10
Dəy,10
Eşqində,10
Fir,10
Fit,10
Füzulinin,10
Gülş,10
Gümüş,10
Gündə,10
Hind,10
Hur,10
Hüseyn,10
Hüsn,10
Həz,10
I,10
Külək,10
Kənd,10
"Lakin,",10
Lal,10
Loğman,10
Mirza!,10
Mus,10
Möh,10
Məm,10
Məs,10
Məz,10
Pad,10
Qaşının,10
Qeyr,10
Qorxuram,10
Qönçə,10
Qır,10
Qədr,10
Qəmz,10
Rəhm,10
Sağ,10
Tac,10
Tanr,10
Tök,10
Uz,10
Vət,10
Xalqa,10
Yaxş,10
"Zahid,",10
Zənn,10
Zərr,10
"a""",10
abi-,10
"ada,",10
"adam,",10
adım,10
akirə,10
akı,10
aları,10
alır,10
alə,10
an?,10
"anam,",10
ar?,10
arasında.,10
arlar,10
arsa,10
artar.,10
arv,10
arxas,10
arzular.,10
arzulay,10
arə,10
asın,10
atdı,10
axıt,10
ay-,10
aydı,10
ayıq,10
ayəsi,10
açdı,10
ağzına,10
ağzını,10
aət,10
bax.,10
baxma,10
bağb,10
bağda,10
bağrını,10
bağına,10
başdan,10
başdan-ayağa,10
başç,10
"başı,",10
başım,10
başımdan,10
"başına,",10
betər,10
"bildi,",10
bilik,10
bilməyən,10
"bilər,",10
bilər.,10
birdən,10
buy,10
"bülbül,",10
bülbülün,10
"bəli,",10
bəsləy,10
bəxtim,10
bəyən,10
camalın,10
camın,10
canana,10
canda,10
canım.,10
cürə,10
cəfası,10
cəll,10
"dandır,",10
"deyib,",10
deyiləm,10
deyirlər.,10
"deyən,",10
deyərəm.,10
did,10
"dil,",10
dilini,10
dilən,10
dodaqlarından,10
durnalar!,10
dönmərəm.,10
dönüb,10
dövlətli,10
dü-,10
"düm,",10
"dünya,",10
dünyad,10
dünyan,10
dürdan,10
düzəlt,10
"düşsə,",10
dıqda,10
dığ,10
dəndir,10
"dərdim,",10
dərya,10
edirəm,10
edər?,10
ehtir,10
"etdilər,",10
etdin,10
etdiy,10
eybi,10
eylər,10
eşş,10
far,10
fürsət,10
fəd,10
fəraq,10
fəras,10
fəsl,10
gedəcək,10
giz,10
guş,10
gördüyün,10
"görmədim,",10
görməmişəm.,10
"görsə,",10
"görüncə,",10
gözə,10
gözəlin,10
güllər,10
gülüş,10
günəşə,10
güzgü,10
gəlməsin.,10
gəlsə,10
"gələydi,",10
gətir!,10
"gətirdi,",10
gətirir.,10
harada,10
hüsnünə,10
hüzur,10
ici,10
idi;,10
"imə,",10
in?,10
indən.,10
ir?,10
istərəm.,10
"istəyirsənsə,",10
itab,10
iyyətə,10
içim,10
keyfiyyəti,10
keçdi.,10
keş,10
kilsədən,10
kirpiyin,10
kölgəsi,10
könl,10
"könlümü,",10
könüldən,10
küləyi,10
küp,10
küçənin,10
kəslər,10
ladı.,10
lanın,10
laqeyd,10
larım,10
liyin,10
lüm,10
"lıq,",10
lıy,10
ləh,10
lək,10
ləq,10
ləri.,10
"lərəm,",10
ləzzət,10
ma!,10
macər,10
maqda,10
maqdan,10
"mağa,",10
mehriban,10
mer,10
meyxana,10
miskin,10
mişdir.,10
"mü,",10
müd,10
müz,10
"mışdı,",10
"mədi,",10
məkdə,10
məqsədi,10
"məsi,",10
məsin.,10
"məsə,",10
naqis,10
"nə,",10
nəcab,10
nəy,10
nəğmə,10
"od,",10
olandan,10
olay,10
olmuşdur,10
"ona,",10
ortaya,10
peykan,10
pr,10
qabağ,10
qad,10
qalmadı,10
qanlar,10
qapısını,10
qaral,10
qaranlığ,10
qaytar,10
qazi,10
qeyb,10
qiymətli,10
qovuşmaq,10
qoymaz,10
qəddimi,10
"qədər,",10
qəlbimə,10
qəlbin,10
qəmzə,10
qətr,10
razıl,10
rinə,10
rütb,10
rüxsar,10
rəhbər,10
rəvan,10
sa.,10
"salar,",10
sağal,10
"sevgili,",10
sonsuz,10
sonu,10
"sus,",10
susadı.,10
söyləm,10
"sözü,",10
sözünə,10
sümük,10
sığın,10
səcd,10
səmim,10
sənəm,10
səpən,10
"tapdım,",10
tapıl,10
teli,10
tin,10
tiy,10
"torpaq,",10
torpağını,10
tox,10
tozu,10
tüst,10
təbi,10
u-,10
udur,10
umdan,10
uğur,10
vas,10
"verdim,",10
vəhş,10
vəslinin,10
xalqın,10
xitab,10
xoşdur,10
xırman,10
xəbəri,10
xəcalət,10
xənd,10
xəndan,10
xəta,10
xəttin,10
xəzinənin,10
yanaş,10
yarpağı,10
yaxasını,10
yaxınlaş,10
"yaşım,",10
yaşımı,10
yaşımın,10
yolla,10
yuv,10
yuxus,10
zal,10
zən,10
zərrəcə,10
Çalış,10
Ümidim,10
Üç,10
çatmaq,10
çatmaz,10
çeşməsi,10
çil,10
çoban,10
"çox,",10
çux,10
"çəkdim,",10
"çəkin,",10
çər,10
ötrü,10
öyün,10
ür.,10
"ürək,",10
üyünü,10
üzər,10
İd,10
İsanın,10
İzz,10
ılar,10
"ılar,",10
"ımdan,",10
"ındadır,",10
ıqda,10
ıqlı,10
ırt,10
ığın,10
Şirinin,10
şal,10
"şərab,",10
Əbədi,10
Əkbər,10
Əlinin,10
Əzr,10
əcək.,10
"əl,",10
ən?,10
əna,10
ənb,10
"əri,",10
ərlər.,10
"əsin,",10
əstə,10
ətrini,10
əyim,10
əyindən,10
"əz,",10
əzəmətli,10
”.,10
6.,9
AR,9
Acı,9
Allahı,9
Ağlam,9
Baxmayaraq,9
Başa,9
Bel,9
Bur,9
Bəz,9
Cananın,9
Canımın,9
Canını,9
Ceyh,9
Cümə,9
Cənn,9
Da,9
Demə,9
Durub,9
Dərdə,9
Dəv,9
Ehtiyat,9
Ev,9
Für,9
Füzulidən,9
Fərhadın,9
Gedib,9
"Gözüm,",9
Gözünü,9
Gözəlliyinin,9
Güllər,9
Güman,9
Gərək,9
Heyr,9
Hök,9
Hör,9
Hüseynin,9
Hək,9
Həqiq,9
Həş,9
Kaf,9
Kamal,9
Keçən,9
Kimdir,9
Könl,9
Könlümü,9
Küçənin,9
Mehr,9
Meyxan,9
Müs,9
Məhəbbət,9
Nəq,9
Nəz,9
Parlaq,9
Pis,9
Qamət,9
Qaç,9
Qovuş,9
Qür,9
Rüst,9
Rəbb!,9
San,9
Sanma,9
Son,9
Suy,9
Sözünü,9
Süley,9
Süleymanın,9
Sərxoş,9
Tik,9
Uzun,9
Uş,9
Vəf,9
Vəfa,9
Vəh,9
Vəsl,9
Xey,9
Xo,9
Xəst,9
"Xətaiyəm,",9
Yen,9
Yez,9
Yolunda,9
Yoxdur,9
Yusifin,9
Zah,9
Zahidin,9
Zal,9
Zamanın,9
Zöh,9
Zəmanə,9
a:,9
"ad,",9
adar,9
adüf,9
adətini,9
"ahım,",9
alovlan,9
aləmin,9
alət,9
aməti,9
anlam,9
anlay,9
anlı,9
anıb,9
anına,9
aqla,9
aram.,9
"arkən,",9
arsan.,9
arzulayır.,9
asına.,9
atının,9
avi,9
"axtar,",9
axır.,9
ayağı,9
ayağının,9
"ayı,",9
azə,9
açar.,9
ağacdan,9
ağar,9
"ağlar,",9
ağzının,9
ağı.,9
"ağım,",9
aşin,9
bağa,9
beyn,9
bilikli,9
bilir.,9
bilmir,9
bilmərəm,9
biç,9
biçarə,9
boylu,9
bulan,9
bus,9
bülbülə,9
bürüy,9
bütxan,9
bədənli,9
bənzət,9
bənövşə,9
bəsdir.,9
bəsləm,9
bəş,9
cad,9
"cahanda,",9
canlar,9
ciy,9
cövrü,9
cümə,9
"d,",9
dadlı,9
"daim,",9
dair,9
dandır,9
"deyiləm,",9
deyir:,9
"deyirəm,",9
dilim,9
dindən,9
dir:,9
diri,9
dodaqlarını,9
dostu,9
"durub,",9
duğu,9
"döndü,",9
dövrüdür.,9
dövrün,9
döyüş,9
düşmənin,9
"düşsün,",9
düşünc,9
dın.,9
dəb,9
dəftər,9
dən-günə,9
dəva,9
dəvət,9
"dəyər,",9
edərək,9
etdi?,9
etdiyim,9
"etmişdi,",9
"etmişdir,",9
"etməsin,",9
etməyi,9
eyb,9
"eylər,",9
eşqdən,9
eşqlə,9
fay,9
"fayda,",9
feyzi,9
fitnə,9
fəhm,9
fəsad,9
gecələr,9
gecəsi,9
geniş,9
geyinsin,9
giriftar,9
guya,9
görsən,9
görüb.,9
"görüm,",9
"göründü,",9
görəy,9
göylərin,9
gözlərini,9
gözlərinin,9
gözümdə,9
gözündə,9
"gözəllik,",9
gözəlliy,9
gözəlliyinin,9
gücü,9
gül-,9
gülüz,9
gülşəndə,9
"gəldim,",9
gəlsin,9
"gəlsə,",9
gələ!,9
gələndə,9
hac,9
han,9
hanı,9
hazırl,9
himmət,9
hiss,9
hüsnünün,9
hədsiz,9
hədəf,9
hək,9
həkim,9
hələ.,9
hən,9
həsrətindən,9
ibi,9
ifadə,9
"ilahi,",9
illik,9
illər,9
"imiz,",9
"incə,",9
irfan,9
irəli,9
isin,9
istan,9
istəd,9
"istərsən,",9
"istəsən,",9
iyyətin,9
iztir,9
içi,9
içik,9
içmək,9
kabab,9
keçsinmi?,9
keçən,9
kifayətdir,9
könlün,9
kəd,9
kənarında,9
"kəsmə,",9
laşıb,9
lidir.,9
lilərin,9
"lim,",9
"lu,",9
lı.,9
lığa,9
ləhzə,9
"lərin,",9
m.,9
"madıq,",9
mağını,9
mehr,9
"mirəm,",9
mişdir,9
mübtəla,9
müdd,9
müshəf,9
müəll,9
mısan,9
mış.,9
mışdı.,9
mışdır.,9
məclisinin,9
mədi.,9
məklə,9
"mələk,",9
məni.,9
mənimlə,9
məskəni,9
namaz,9
nazil,9
neçün,9
nicat,9
"nigarım,",9
nis,9
nun,9
nöq,9
nəfəsi,9
nəsr,9
oc,9
"olanda,",9
olmas,9
olmasa.,9
olmasın,9
olmur.,9
olsam,9
oxudu,9
oxşar,9
oz,9
parçal,9
pislik,9
piyalə,9
pən,9
pərdəni,9
pərdəsi,9
"qafil,",9
qalmasın.,9
"qalmaz,",9
"qandır,",9
qanla,9
qaraçarqat,9
qarışqa,9
qaşlarının,9
qiq,9
qoruy,9
qorxu,9
"qoy,",9
qoymuş,9
"qoyub,",9
"qurban,",9
qurş,9
qürbət,9
"qıl,",9
qılman,9
qıs,9
qızar,9
qızdır,9
qəh,9
qəhr,9
qəmlə,9
qətl,9
rüb,9
rəmz,9
sak,9
sakit,9
sal.,9
salma,9
san?,9
"saçın,",9
seli,9
sevd,9
"sevdiyim,",9
"sevər,",9
sey,9
sif,9
sifətli,9
sinə,9
sirləri,9
siç,9
st,9
sult,9
söylə,9
sözlərin,9
süb,9
süfrə,9
sə.,9
sədaq,9
"sədəfdir,",9
səhraya,9
"sələr,",9
"sənsə,",9
sərvər,9
səs-,9
taley,9
tapa,9
"tapılmaz,",9
toxun,9
toy,9
tutdu.,9
tutul,9
töh,9
tüf,9
tələ,9
təqdim,9
təqv,9
təravətli,9
təsiri,9
ub.,9
udə,9
uh,9
unca,9
unut!,9
usunu,9
uyğun,9
uzaqlaş,9
van.,9
vermərəm.,9
viranə,9
vurul,9
vəhdət,9
"vəli,",9
"xoşdur,",9
xəttini,9
yandı,9
yandı.,9
yanından,9
yar.,9
yaral,9
yarım,9
yavaş-yavaş.,9
yaşlar,9
yaşını,9
yerim,9
yerindən,9
yeyən,9
yoldan,9
yolun,9
yu,9
yuxuda,9
yığıl,9
yığış,9
"zar,",9
zövqünü,9
zəb,9
zənəx,9
Öldür,9
Ür,9
çatar?,9
çaş,9
çevr,9
çıl,9
çıxdı.,9
çək.,9
çəkmə,9
öh,9
ölürəm.,9
"ötrü,",9
öyr,9
öyrət,9
özg,9
özümü,9
üc,9
üdür.,9
üh,9
ümidini,9
ümlə,9
ünlə,9
"ünə,",9
ürəkdən,9
üylə,9
üzr,9
üzərində,9
ğa,9
"İnan,",9
İnc,9
İsaya,9
İsfah,9
ıda,9
ılan,9
ılmış,9
"ıqdır,",9
ıram.,9
ırdı.,9
"ısı,",9
ısına,9
ısını,9
ıx,9
Şək,9
Şəriət,9
"şahım,",9
şama,9
şamam,9
şi,9
şimş,9
şiəl,9
şölə,9
şövqü,9
şük,9
şüş,9
şəhla,9
şəhərə,9
"şəkər,",9
şərabın,9
şəri,9
Əbəd,9
"Əlbəttə,",9
Əzəl,9
əjdah,9
əlac,9
əlaq,9
əlimdən,9
əlvan,9
"əndi,",9
əndəki,9
əngə,9
əriy,9
ərli,9
ərsən,9
əsə,9
"əti,",9
"ətli,",9
ətəyini,9
əvv,9
əyr,9
əyəm,9
"""Mən",8
"""Quran",8
5.,8
7.,8
AL,8
Afərin,8
"Amma,",8
Asiman,8
Axir,8
Ayrıl,8
Açıl,8
Ağl,8
Ağzından,8
Aşiqlərin,8
Aşiqə,8
Bar,8
Bay,8
Bağrımı,8
Başını,8
Behiş,8
Biç,8
Bo,8
Bəh,8
Bəhr,8
Ciyər,8
Cəbrayıl,8
Cəl,8
Cəmşidin,8
Dav,8
Dağ,8
Demirəm,8
Didar,8
Dodaq,8
Dodaqlarının,8
Dərv,8
Getdi,8
Giz,8
Göv,8
Gözəllərin,8
Hümmət,8
Həb,8
Həsən,8
Həy,8
Kam,8
Kirp,8
Kirpik,8
Kiş,8
Kölg,8
"Könül,",8
Meyvə,8
Mustafa,8
Müx,8
Məcnunun,8
Mələklər,8
Nəb,8
Nəh,8
Odlu,8
Qarab,8
Qay,8
Qaçma,8
Qaşlarının,8
Qo,8
Qocal,8
Qoyma,8
Qəbr,8
Qədəh,8
Qəflət,8
Qəlbimin,8
Qəzəb,8
Rahat,8
Raz,8
Rəq,8
Rəv,8
Sadiq,8
Saf,8
Surətin,8
"Söylə,",8
Sünbül,8
Sənsiz,8
Tam,8
Torpaq,8
Tuba,8
Təkcə,8
"Vaqifəm,",8
Vur,8
Vəhdət,8
Xəb,8
Xəl,8
Xətainin,8
Xəyalın,8
Yandır,8
Yaş,8
Yet,8
Yoxsul,8
Yux,8
Zam,8
Zaman,8
Zəncir,8
aba,8
abını,8
aca,8
adək,8
ah-nalə,8
alardan,8
aldı.,8
almağa,8
altına,8
aləmdən,8
anan,8
aqqal,8
arlar.,8
armı?,8
"artıq,",8
"artır,",8
arzulayar.,8
arzusu,8
"as,",8
at!,8
atan,8
"atı,",8
atıb,8
avarə,8
avaz,8
"axır,",8
ayda,8
ayrılığından,8
aza,8
açar,8
açım,8
ağlım,8
ağrımaz.,8
"ağıllı,",8
aşk,8
"bahar,",8
baxıb,8
bdən,8
be,8
"bilmirəm,",8
bilmiş,8
binəv,8
birini,8
biyab,8
biyə,8
"bizə,",8
buc,8
bük,8
büryan,8
bürü,8
"bədən,",8
"bədənim,",8
bəsl,8
bəxti,8
bəyanı,8
cahana,8
camalının,8
canan!,8
ceyran,8
cis,8
cismi,8
cüm,8
cüt,8
cı,8
cəz,8
dah,8
dalğalan,8
dana,8
dandır.,8
danın,8
daq,8
"dar,",8
davamlı,8
dağın,8
daşa,8
"desə,",8
"deyilsən,",8
"deyir,",8
"deyər,",8
deyər:,8
dildən,8
"doludur,",8
doğul,8
"dular,",8
"dun,",8
"durmuş,",8
dövləti,8
"dün,",8
düzgün,8
düşdüm,8
dı?,8
"dıqda,",8
dır!,8
dığını,8
dədir,8
dəlil,8
dənizə,8
dəryasına,8
dəryaya,8
"e,",8
"edəndə,",8
edənin,8
edənlər,8
edərsən.,8
ehtiyat,8
elan,8
etdik,8
etdilər.,8
etiq,8
etmişəm.,8
etməd,8
"etməyib,",8
eyh,8
eylədi,8
eç,8
fid,8
fə,8
fələkdən,8
fəsli,8
fəzli,8
fəğanım,8
"gecə,",8
geri,8
"getməz,",8
gön,8
gördü.,8
gördüm.,8
görüm,8
görünüş,8
"görən,",8
"göstərib,",8
gözl,8
gözləm,8
gözlərinə,8
gözətç,8
güclü,8
gülün.,8
günləri,8
günə,8
gəda,8
"gəlin,",8
gəlmədi?,8
gərdən,8
gərəkdir,8
gəzdir,8
gəzən,8
haldan,8
halq,8
him,8
"hökmdar,",8
hüm,8
hüsnünü,8
həc,8
həcv,8
hədiyyə,8
həkim!,8
hətta,8
həyasız,8
ibad,8
"ibi,",8
ikr,8
ildə,8
ildən,8
ilər.,8
imdəki,8
imtahan,8
inan!,8
inan.,8
incilər,8
incisi,8
"iniz,",8
ipək,8
iqi,8
iqin,8
irs,8
isbat,8
"isim,",8
isindən,8
isinin,8
islam,8
istərəm,8
istərəm!,8
izhar,8
"iç,",8
"içdi,",8
"içim,",8
içər.,8
iğ,8
kab,8
kat,8
keçdi,8
keşik,8
kirpiy,8
kitabını,8
köv,8
küncündə,8
küçəsində,8
kənara,8
kəs.,8
kəsmək,8
ları.,8
"layar,",8
"linin,",8
lütflə,8
"lıdır,",8
lının,8
lığım,8
lənd,8
ləs,8
"maq,",8
"ması,",8
mdan,8
min-min,8
mişəm.,8
möcüzə,8
müh,8
müt,8
müx,8
"müş,",8
müşkül,8
"mısan,",8
məclisini,8
məclisinə,8
məclisə,8
"məgər,",8
məkdir,8
məktu,8
məli,8
mərhəm,8
məsini,8
məsləh,8
məğrur,8
məşuq,8
məşğul,8
nah,8
nail,8
nazik,8
naç,8
nif,8
nində,8
niqabı,8
"nur,",8
nəfər,8
nələr,8
nəql,8
odunda,8
olacaqsan.,8
olana,8
olanda,8
oldum.,8
olmadan.,8
olmamış,8
"onlar,",8
os,8
oxuyurlar.,8
paxıl,8
peyda,8
pənc,8
"pərişan,",8
"qa,",8
qadağ,8
qadir,8
qamətin,8
qamətinə,8
qanın,8
qanından,8
qarşıs,8
qas,8
qatında,8
qayıt,8
"qaçma,",8
qaşları,8
qoc,8
qocal,8
"qoyma,",8
quyru,8
qüdrətli,8
qüss,8
qüsur,8
qüv,8
qüvv,8
qılıncını,8
qəddin,8
qədri,8
qəlbimi,8
qəlbini,8
qələndər.,8
qəm-,8
qəminin,8
qəminə,8
qəmli,8
qəmzən,8
qəmzəsi,8
qərarım,8
qətlə,8
ram,8
raz,8
ruhu,8
"ruhum,",8
rul,8
rövnəq,8
rəd,8
rəsm,8
rətin,8
"rəvan,",8
sabit,8
sad,8
salan,8
sarı,8
saydı,8
sevin,8
sevən,8
sevər.,8
"sifətli,",8
sinəsi,8
sirdaş,8
sirlərini,8
"sirrini,",8
sitəm,8
sona,8
sonra.,8
"soruşdum,",8
su.,8
suyuna,8
"söndü,",8
söndür,8
sözlərini,8
sözüm,8
sübh.,8
sı,8
sız-,8
səcdəgahım,8
səhər.,8
səkkiz,8
səri,8
"sərv,",8
səv,8
tacı,8
tanım,8
tapmaq,8
taqət,8
"tar,",8
telləri,8
torpağı!,8
tut.,8
tuta,8
tutdu,8
"tutmuş,",8
tökdü,8
"tökdü,",8
töküb,8
tü,8
tüfəng,8
tükən,8
tüstüs,8
təbiəti,8
təf,8
təkr,8
tərəf.,8
təvaf,8
uldu,8
ullah,8
"unda,",8
urlu,8
"usu,",8
uyla,8
vac,8
vacib,8
valeh,8
verdim,8
"verdin,",8
vermədin.,8
vermək,8
verməz,8
"versin,",8
"versə,",8
"versən,",8
vilay,8
"vurdu,",8
vəb,8
vəc,8
vəslini,8
vəslinə,8
xaq,8
xurma,8
xəcal,8
xətti,8
xəyalın,8
xəzinəsinin,8
xəzinəsinə,8
yanağına,8
yanda,8
"yandırır,",8
"yanına,",8
yapış,8
yarə,8
yaxşıdır,8
"yaxşıdır,",8
yaşay,8
yaşlarımın,8
yaşlı,8
"yaşı,",8
"yaşını,",8
yerin,8
yersiz,8
"yerə,",8
"yəqin,",8
za,8
zinət,8
zövqlə,8
zün,8
zə,8
Üzündən,8
ça,8
"çatmaz,",8
çev,8
çevril,8
çinin,8
çisi,8
çoxdur.,8
çökünt,8
çəkir.,8
çəkməy,8
çətindir,8
ömrü,8
üfrə,8
ülfət,8
ülmüş,8
"ündən,",8
ünsür,8
"ürəm,",8
"üstə,",8
"üzlüm,",8
ğu,8
ğı,8
İm,8
ım!,8
"ının,",8
"ığı,",8
Şəh,8
Şəm,8
şam.,8
şamın,8
şeydən,8
şövqlə,8
şübhəsiz,8
şüur,8
şəkil,8
şəx,8
Ək,8
Əli!,8
Əyri,8
əg,8
əklər,8
"əlbət,",8
əm:,8
əmri,8
əmələ,8
əndər,8
ərdim,8
"ərdim,",8
ərdə,8
"ərkən,",8
ərlər,8
"əsla,",8
əsəri,8
ət.,8
"ətim,",8
əzz,8
əzəm,8
"""S",7
"""n",7
"""Ən",7
-san,7
1.,7
2.,7
3.,7
4.,7
9.,7
Ala,7
Aləmə,7
Arif,7
Arx,7
Ayağının,7
Ağlın,7
Bad,7
Badə,7
Bi,7
Boyunun,7
Bulud,7
Burada,7
Burda,7
Büt,7
Bənzər,7
Cahan,7
Ciyərimin,7
"Cəfər,",7
Dilbər,7
Dodaqların,7
Dostun,7
Dördüncü,7
Düşmənin,7
Dəli,7
Dərdin,7
Dərgah,7
Eh,7
Eşit,7
Fani,7
"Get,",7
Guya,7
Görərsən,7
Göyün,7
Gözlərin,7
Gözəllik,7
Gözəlliy,7
Gözəlliyinə,7
Günah,7
Gəlib,7
Haqqı,7
Hatəm,7
He,7
Hiylə,7
Hökm,7
"Həqiqətən,",7
Həsrətindən,7
"Kim,",7
Kimin,7
Kitab,7
Könlünü,7
Kür,7
Kən,7
Leyl,7
Lövh,7
Mir,7
Musanın,7
Mustafanın,7
Mö,7
Müşk,7
Məhşər,7
Məhəb,7
Məlik,7
Məsc,7
Məsihin,7
Mət,7
Natəvan,7
Ne,7
Nun,7
Onları,7
Ovçu,7
Pey,7
Peyğəm,7
Pul,7
Qaz,7
"Qazilər,",7
Qis,7
Qon,7
Quru,7
Qüdrət,7
Qəmin,7
Qəribə,7
Ruz,7
Ruzig,7
"Sevgilim,",7
Sid,7
Surətinin,7
Sözə,7
Sə,7
Səh,7
Səm,7
Səy,7
Tu,7
Tülkü,7
Təz,7
Uc,7
Ust,7
Uç,7
"Vaqifi,",7
Vətən,7
Xaqanini,7
Xeyr,7
Xoras,7
Xətayi,7
Yaralı,7
Yarım,7
Yəh,7
Zöhr,7
Zövq,7
Züleyxa,7
"acı,",7
"adi,",7
adıma,7
adən,7
alarını,7
allı,7
alt-üst,7
"alım,",7
alıq,7
amaq,7
amətin,7
anlığım,7
"anə,",7
ar!,7
arkən,7
"artar,",7
"asından,",7
atdan,7
atə,7
atəşə,7
axar,7
aya.,7
aydan,7
"ayım,",7
"ağızlı,",7
bac,7
bacarıq,7
baxa,7
baxmaq,7
bağrımın,7
başda,7
behiş,7
bildim,7
"bilmərəm,",7
bilməs,7
"bilsin,",7
"bilsən,",7
birinə,7
birləş,7
bizdən,7
borc,7
"boylu,",7
burulğ,7
böhtan,7
"bürüdü,",7
"büt,",7
bədəni,7
bədənin,7
bəladır,7
"bəladır,",7
bəlası,7
"bəsdir,",7
bətin,7
bəx,7
bəxi-,7
"bəy,",7
bəyin,7
camdan,7
"cavan,",7
cazib,7
cisminə,7
ciyərim,7
cəhd,7
cən,7
cənnətin,7
cəza,7
dadı,7
dadına,7
"dadır,",7
damla,7
damla-damla,7
darı,7
dası,7
dax,7
daşlar,7
dedilər:,7
dilb,7
dilinə,7
din.,7
dind,7
dinini,7
diyara,7
diyin,7
dodaqlar,7
dodağına,7
doludur,7
dostuna,7
"durdu,",7
duğun,7
dövri-,7
dözüm,7
düzəl,7
düşərmi?,7
dırdı.,7
"dısa,",7
"dərd,",7
dərdi-,7
dərdü-,7
dərgahının,7
"dərman,",7
dəx,7
dəyişdim.,7
edim?,7
edirlər.,7
elmi,7
elmə,7
eləm,7
erməni.,7
etmişdi.,7
etmişəm,7
"etmək,",7
"etmərəm,",7
etməyən,7
evin,7
evinə,7
eyləmiş.,7
"eyləmə,",7
fak,7
faydası,7
fik,7
fikirləri,7
fəda.,7
fəlak,7
fələk.,7
fələkdə,7
fələyə,7
fəqirlik,7
"gecələr,",7
gecələr.,7
"gedərəm,",7
get,7
giryan,7
gördün,7
gördüy,7
görmüşəm,7
görmədim,7
"görməmişəm,",7
görüncə,7
görünən,7
göstərir.,7
gövh,7
göyərç,7
"gözü,",7
gözəldir,7
"gözəlim,",7
gözəlliyin,7
gözəlliyinə,7
gülab,7
"güldü,",7
"gülü,",7
gülər,7
günbəgün,7
"gündən,",7
günündə,7
güzgüs,7
gə,7
"gəldin,",7
gəlibdir.,7
gəlmişlərdənik.,7
"gər,",7
"gətirər,",7
gəzint,7
"gəzir,",7
halına,7
halından,7
"hara,",7
harda,7
havası,7
haz,7
haşa,7
hekay,7
hic,7
hikmətlə,7
hiyl,7
ho,7
hörmətlə,7
hüsnün,7
həf,7
"həkim,",7
həlak,7
hərarət,7
hərfi,7
"həsrətindən,",7
həvəsi,7
həya,7
i-n,7
i;,7
icazə,7
idlər,7
ildırım,7
ilk,7
im-,7
im:,7
imdad!,7
in-,7
inciy,7
insana,7
insanların,7
irmi,7
isinə,7
ism,7
"istədi,",7
istəməz,7
"istəməz,",7
istəs,7
ita,7
itaət,7
itə,7
ixtiy,7
iyn,7
iyyətlə,7
iz.,7
"içib,",7
içir,7
içrə,7
işində,7
işinə,7
işığ,7
"k,",7
kain,7
kamillik,7
"kağızın,",7
kaş,7
keyf,7
keç.,7
kimdir,7
kimin,7
kimsənin,7
kir,7
könlümdə,7
könlümdən,7
könlündə,7
könlünə,7
künc,7
küncündədir.,7
kürk,7
kəb,7
kəmər,7
kəsi,7
ladım,7
lanıb,7
lap,7
lar?,7
"lasın,",7
lat,7
"layıb,",7
li.,7
liberaliz,7
lin,7
lisi,7
"liyəm,",7
löv,7
lütfün,7
lüy,7
"lım,",7
ləlin,7
lər?,7
"lərə,",7
ləz,7
ləziz.,7
"madın,",7
malıdır.,7
"mamış,",7
mane,7
maral,7
mayın,7
"mayın,",7
mazsan,7
meylə,7
misil,7
"misən,",7
"mişdi,",7
"mu,",7
mu?,7
muradına,7
möm,7
mömin,7
mü?,7
mübarək,7
müdr,7
müf,7
müjd,7
müqəddəs,7
mürş,7
müsib,7
müst,7
müsəl,7
müyəssər,7
müəm,7
məclisdə,7
"mədim,",7
məktub,7
"məli,",7
"mələkdir,",7
mənada,7
mənadan,7
mənzilidir.,7
məsc,7
məv,7
məyus,7
məğ,7
nak,7
naləm,7
naq,7
narahat,7
naş,7
neməti,7
nemətə,7
nic,7
nigar,7
nin,7
nizam,7
nura,7
nuş,7
nümun,7
nəb,7
nətic,7
nəv,7
nəzm,7
"nəzər,",7
oduyla,7
olacaq.,7
olanlar,7
olasan,7
olduqca,7
"olmaram,",7
"onu,",7
oturmuş.,7
oxları,7
oxum,7
oxunun,7
oxşayır.,7
oyaq,7
oğur,7
oş,7
pa,7
peyğəmbərin,7
peşman,7
piy,7
piyal,7
pişik,7
pozul,7
pünh,7
pəl,7
pərdəsiz,7
pərgar,7
qaf,7
qalar.,7
"qalmışam,",7
qaməti,7
qan.,7
qanun,7
qanım,7
qanıma,7
qapında,7
qarşıl,7
"qazan,",7
qaşların,7
qaşını,7
qiyməti,7
"qopar,",7
qorum,7
qorxusundan,7
qoşunu,7
qulu,7
qür,7
qüt,7
qıf,7
qılıncının,7
qısqan,7
qığılc,7
qələmi,7
qəmin,7
qənim,7
qəsr,7
qətin,7
qəş,7
ras,7
riya,7
ruhi-,7
röv,7
rüx,7
rəhmsiz,7
"rəqib,",7
rəss,7
sabah,7
"salmış,",7
sanc,7
sancıl,7
saqqalı,7
"saxla,",7
saxsı,7
"say,",7
saçı,7
sevdaya,7
sevdiy,7
sevgiliyə,7
seyrinə,7
sid,7
sirrimi,7
sirrinə,7
sizin,7
solğun,7
sonda,7
"sonra,",7
sor.,7
suda,7
sudan,7
suf,7
sul,7
sular,7
sultanım!,7
söhbəti,7
sök,7
sük,7
sünn,7
səhərə,7
sənindir.,7
sənmi?,7
sərasər,7
sərd,7
səsini,7
tapdal,7
tapdı,7
tapınca.,7
tapşırdım.,7
tinin,7
torpaqdan,7
"torpağa,",7
torpağında,7
torpağından,7
tozundan,7
tutan,7
tutar.,7
tutuquş,7
tökmək,7
"tökər,",7
törət,7
tülkü,7
təbim,7
tədqiq,7
təlim,7
tələs,7
təmir,7
təməli,7
təqlid,7
tərav,7
tərt,7
təzədən,7
udum,7
ulduzu,7
umma,7
unla,7
uram,7
"uram,",7
usuna,7
ux,7
uya,7
uyur,7
uzu,7
uğrar.,7
vah,7
vanın,7
varmı?,7
vasil,7
verdin.,7
"verirəm,",7
verirəm.,7
verə,7
"verən,",7
"vurub,",7
vüs,7
vüsalın,7
vəhy,7
vərəq,7
xah,7
xam,7
xat,7
xeyir-,7
xir,7
xoşdurmu?,7
xud,7
xüsus,7
"xəbərsiz,",7
xəcil,7
xələt,7
xəs,7
xəy,7
xəyalına,7
yalançı,7
yanağın,7
yandan,7
yanmış,7
yanıram.,7
yatan,7
yaxşıl,7
yazmışlar.,7
yaşlarım,7
yaşımla,7
yenidən,7
yerlə,7
yerləş,7
yoldaşı,7
"yoxdursa,",7
yuxuya,7
yükünü,7
yün,7
zid,7
zil,7
zillət,7
zülmünü,7
zəhərli,7
zəmanənin,7
zərb,7
Çən,7
Ürəyimin,7
Üzündə,7
Üzündəki,7
çaq,7
çatdı,7
çay,7
çağı,7
çör-çöp,7
"çı,",7
çəkdir,7
"çəkməz,",7
ölkə,7
öpüm.,7
övh,7
öyrənd,7
özgəl,7
üfr,7
ülgüc,7
ümidi,7
üncə,7
"üstündə,",7
üv,7
"üz,",7
üzdə,7
üzlül,7
üzlünün,7
üzül,7
üzümü,7
üçü,7
ğum,7
ğın,7
İkinci,7
İmam,7
İsgəndər,7
İstəy,7
İt,7
"ıdıb,",7
ımızı,7
"ırlar,",7
ısından,7
ızı,7
ığa,7
Şer,7
Şəhər,7
Şəkər,7
şagir,7
şahi-,7
"şam,",7
şan-,7
şanı,7
şeh,7
şeyx,7
şöləsi,7
şövqün,7
şüar,7
şübhə,7
şüm,7
şəfəq,7
şəhəri,7
şəkl,7
şərabdan,7
şərabından,7
şərbəti,7
şərəfli,7
Əb,7
Əcəb,7
Əlidir.,7
Əziz,7
əcən,7
"ədim,",7
əfəndi.,7
"əfəndim,",7
əkar,7
əlbət,7
əlim,7
"əlindən,",7
əliylə,7
ələrdə,7
ələrdən,7
ələrlə,7
əmdir.,7
əmm,7
ənbə,7
"əndən,",7
əngi,7
"ənin,",7
ərit,7
ərkan,7
"ərlər,",7
ərr,7
əsidir,7
"əsiyəm,",7
"əsiz,",7
əss,7
ətlən,7
ətç,7
ətəyi,7
ətəyindən,7
ətəyini.,7
"əyim,",7
əyinin,7
əyən,7
"əzəldən,",7
əzəli,7
"""Bu",6
"""Kaf",6
"""in",6
"),",6
-səhər,6
8.,6
Abdul,6
"Ah,",6
Aləm,6
Aləmin,6
Art,6
Atəş,6
Ayağ,6
Ayn,6
Ayna,6
Ayrılığından,6
Ayı,6
Ağa,6
Ağac,6
Ağzı,6
Ağzın,6
Aşiqlər,6
Bayr,6
Bağda,6
Başqal,6
Başım,6
Başın,6
Beş,6
Birinə,6
Bizi,6
Boz,6
Bul,6
Bunun,6
Bülbülün,6
Bənövş,6
Bənövşə,6
Cahanın,6
Canan,6
Ceyr,6
Cis,6
Cismim,6
Cür,6
Cəmalın,6
Cəs,6
Dan,6
Deyirlər,6
Dir,6
Dostluq,6
Doğru,6
Dövrün,6
Dəc,6
"Dədəm,",6
Dən,6
Dərdim,6
Dərdimin,6
Dərhal,6
Ehtiy,6
Eşqi,6
Fitn,6
Füzul,6
Fəqirlik,6
Fərh,6
Fəzl,6
Fəğ,6
Ger,6
Göylər,6
Göyərç,6
Gözümdə,6
Gözün,6
Gözəllər,6
Güc,6
Gülün,6
Günəşə,6
Halımı,6
Hav,6
Hic,6
Hüsnünə,6
Həl,6
Həram,6
Hərdən,6
Kain,6
Kak,6
Kar,6
Kasıb,6
Kimə,6
Kök,6
Küfr,6
Kəlam,6
Kərbəla,6
Kərəm,6
Lamək,6
Layiq,6
M.Ə.,6
Mahm,6
Mal,6
Meh,6
Misrə,6
Mol,6
"Muhamməddir,",6
Mur,6
Möhkəm,6
Möhnət,6
Möminin,6
Mülk,6
Mümkün,6
Müt,6
Mütrüb,6
"Müğənni,",6
Müştər,6
Məda,6
Mədin,6
Mənimlə,6
Mərifət,6
Məry,6
Məryəmin,6
Nalə,6
Namaz,6
Neç,6
Nit,6
Novruz,6
Nur,6
Nədən,6
"Nəhayət,",6
Pənc,6
Qalsın,6
Qarabağ,6
Qaranlıq,6
Qaşların,6
Qaşınla,6
Qibləgahım,6
Qiyamət,6
Qoca,6
Qorxum,6
Qur',6
Quy,6
Quşlar,6
Qüs,6
Qırmızı,6
Qış,6
Qəlbim,6
Qələm,6
Qəmdən,6
Qəmindən,6
Qərib,6
Qəz,6
Riz,6
Rum,6
Ruzi,6
"Rəbbim,",6
Sahib,6
Saqqal,6
Sevgili,6
Sim,6
Simurğ,6
Sizə,6
Soruş,6
Soy,6
Suf,6
Söh,6
Səadət,6
"Səba,",6
Səhərin,6
Səmər,6
Sənsən,6
Səxavət,6
Tamam,6
Tif,6
Təbr,6
Təh,6
Təl,6
Tərk,6
Utan,6
Uşaq,6
Va,6
Var-,6
"Vay,",6
Vid,6
Vəl,6
Vəs,6
Xalqın,6
Xeyli,6
Xüsus,6
Xızra,6
Xənc,6
Xəttin,6
Xəyal,6
Yad,6
Yal,6
Yanağın,6
Yarad,6
Yat,6
Yaxın,6
Ye,6
Yed,6
"Yox,",6
Yusifə,6
Yəm,6
Yəmən,6
Zahir,6
"Zakir,",6
Zəh,6
Zəif,6
abat,6
"abı,",6
"ac,",6
acan,6
acağ,6
adama,6
adəm,6
"adətdir,",6
afətdən,6
ahü,6
al!,6
ald,6
aldat,6
allah,6
almış,6
"altında,",6
alçal,6
aləmini,6
aləminə,6
amla,6
"amma,",6
anb,6
aqdır,6
araya,6
"ardı,",6
ardı.,6
"ardım,",6
"artdı,",6
arından,6
arətlə,6
asiman,6
ast,6
ası.,6
"asıdır,",6
"asına,",6
"asını,",6
asənmiş,6
atlı,6
"atıb,",6
atıl,6
atına,6
atəşli,6
avam,6
"axdı,",6
axirət,6
axirətdə,6
axşamı,6
ayağından,6
aydı.,6
aydım,6
ayiq,6
aynası,6
ayrıldıq.,6
ayrılığa,6
ayrılığın,6
azar,6
"açılmaz,",6
açılmış,6
açılır,6
"ağ,",6
"ağıl,",6
ağımı,6
aşağı,6
aşikar,6
aşiqəm.,6
bacar,6
"ban,",6
barış,6
"bas,",6
"baxmaram,",6
bayramı,6
"bağı,",6
bağın,6
bağını,6
bağışlan,6
"başa,",6
başdan-başa,6
başqasına,6
bihuş,6
bim,6
"bivəfa,",6
biş,6
boynuma,6
boynuna,6
boynunda,6
"boyun,",6
bunca,6
bunlar,6
buz,6
buğ,6
böh,6
bün,6
bürc,6
büsbütün,6
bütöv,6
bədbəxt,6
bədəndən,6
bədənimdə,6
bəlasını,6
bəlli,6
bəndə,6
bərək,6
bərəng,6
bəsdir,6
bəzm,6
bəzəyi,6
bəzəyən,6
camına,6
"cana,",6
cananı,6
cansız,6
"canına,",6
cid,6
cilovunu,6
cismim,6
cövhəri,6
cövlan,6
cüb,6
cüml,6
cürbəcür,6
cəhal,6
cəhətdən,6
cək,6
dada,6
dairə,6
dalğa,6
damc,6
dan?,6
daraq,6
dağlar,6
dağılsın.,6
dağını,6
daşürək,6
ddən,6
dedilər,6
dedim:,6
demiş,6
deməz,6
desə,6
deyirdi,6
deyirlər,6
deyərlər.,6
di:,6
"dik,",6
dildara,6
dilimdə,6
dilin,6
dinar,6
dincəl,6
"dirsə,",6
"divanə,",6
diyini,6
dodaqların,6
dosta,6
dostum,6
dul,6
dum.,6
"durma,",6
durmuş,6
durmuş.,6
dönən,6
"dönər,",6
dövrdə,6
düm,6
düşmüşəm,6
düşməni,6
düşmənə,6
düşməy,6
düşməz.,6
düşə,6
"düşəndə,",6
dı:,6
"dıqca,",6
dəlilik,6
dən?,6
dənə,6
dərb,6
dərdi.,6
"dərdin,",6
dərgahına,6
dəstə,6
dət,6
dəvə,6
dəyməz,6
dəyən,6
dəyərini,6
edim.,6
"edin,",6
"edək,",6
ehr,6
ehtiy,6
elədi,6
etdikcə,6
etir,6
etmədi,6
etmədi.,6
"etmədin,",6
etməklə,6
etməyim,6
evində.,6
eyvan,6
"eşidib,",6
"f,",6
fariğ,6
feyzini,6
fikrindən,6
filankəsin,6
fən,6
fəqih,6
fəqirə,6
fəryadım,6
fəza,6
fəğanə,6
gecəm,6
gedər,6
getd,6
getsə,6
göhər,6
"görmürəm,",6
"görmüşəm,",6
görməmiş,6
"görməz,",6
"görünər,",6
"görə,",6
"görəndə,",6
"görər,",6
"götürüb,",6
gövhərini,6
"gözləri,",6
"gözlərim,",6
gözlərə,6
"gözüm,",6
"gözəldir,",6
gözəlliyini,6
gözəlliyə,6
gözəllərdən,6
gülünü,6
gülüstanı,6
gülüzlü,6
günlərində,6
gününü,6
güvən,6
güzg,6
gəlib.,6
gəlsin!,6
gələ,6
gələ.,6
gələr.,6
gəmi,6
"gərəkdir,",6
gətirdi,6
gətirdi.,6
"gəzdim,",6
gəzər,6
"halımı,",6
haş,6
hek,6
heyrət,6
hicranın,6
hicranının,6
hikməti,6
hind,6
his,6
hök,6
hökmr,6
"həbibim,",6
"həmdəm,",6
həmsöhbət,6
həqiqəti,6
hərif,6
ibrət,6
ida,6
"idən,",6
iftix,6
ifə,6
ikdə,6
ikisinə,6
il.,6
ildir,6
ilham,6
"ili,",6
ilib,6
ilt,6
iltifat,6
ilə.,6
ilərlə,6
imdad.,6
imli,6
imlər,6
imlərin,6
incini,6
incis,6
indədir,6
inləy,6
inqil,6
ipini,6
iqbal,6
iql,6
iqət,6
irad,6
isində,6
istə,6
"istəsə,",6
"istəyirəm,",6
ixtiyarım,6
iyaz,6
iyində,6
izdir.,6
izz,6
içib,6
içinə,6
"işdir,",6
işdən,6
"işi,",6
işli,6
iə,6
i”,6
kainat,6
kak,6
"kaman,",6
"kar,",6
kimdən,6
kiprik,6
kirp,6
kitabı,6
ko,6
kölgəsində,6
körpə,6
köyn,6
külək,6
küncünü,6
küsmüş,6
küçəs,6
kədərli,6
kək,6
kələk,6
kəramət,6
kəsdə,6
kəşf,6
la.,6
laləz,6
lazımdır.,6
laç,6
lidir,6
liq,6
liyim,6
lub,6
"ludur,",6
luqda,6
luğu,6
"lüm,",6
"ləndi,",6
lənət,6
"lərinə,",6
lərəm,6
lətin,6
ləyib,6
mahiyyət,6
maq!,6
maq?,6
"maqdır,",6
"masan,",6
masına,6
"mayıb,",6
"mazdı,",6
me,6
meydanında,6
minbər,6
minlərlə,6
"mir,",6
mirvari,6
miz,6
möhür,6
möminin,6
mötəb,6
mötəd,6
möv,6
mövc,6
mövz,6
mü-,6
mübahis,6
mübar,6
"müdam,",6
müjdə,6
mükaf,6
mülkün,6
mürüvvət,6
müşəm,6
"mədəni,",6
məhr,6
məhəbbətə,6
mək.,6
məkana,6
mələklər,6
mənbəy,6
"məndə,",6
mənfə,6
mənz,6
məqamı,6
mərif,6
mərəm!,6
mərəm.,6
məst.,6
məyi,6
"məyib,",6
nadir,6
nagah,6
"nalə,",6
namə,6
"ney,",6
ni,6
"nigar,",6
nih,6
niqabını,6
nişanı,6
nurlan,6
nurunu,6
nurunun,6
nök,6
nöqt,6
nöqtə,6
nü,6
nük,6
nüm,6
nəcib,6
nəfəsim,6
nəqşini,6
nərd,6
nərg,6
nəsihətç,6
nəvaz,6
nəzərdən,6
nəzəri,6
olanı,6
olanın,6
"olarsa,",6
oldu?,6
oldular.,6
olmadan,6
olmaqdan,6
"olmusan,",6
"olmuşdu,",6
olsa.,6
olsun?,6
olu,6
olubdur.,6
olursa,6
"ondan,",6
"onundur,",6
orad,6
oradadır.,6
oruc,6
ova,6
oxundan,6
padşahı,6
pal,6
pap,6
para,6
parlay,6
pasib,6
payız,6
polad,6
pusq,6
pərdədən,6
pəri.,6
pərvaz,6
"qalar,",6
"qaldım,",6
qalmaq,6
qalır,6
"qan,",6
qaran,6
qarət,6
qaydas,6
qazanmaq,6
qeyri-,6
qeyri.,6
qeyrət,6
qid,6
qis,6
qiymətini,6
qol-,6
"qorxmaz,",6
qoyan,6
"qoymaz,",6
qoyn,6
qu,6
qun,6
qurmuş,6
qurtu,6
"quşu,",6
qüb,6
qürurlu,6
qüssədən,6
qüssəyə,6
"qıldı,",6
qısa,6
qıvr,6
qıvrım,6
qızılı,6
qəbrimin,6
qəmim,6
qəmxar,6
qəmzənin,6
"qənd,",6
qərənfil,6
qərəz.,6
qəsdinə,6
qəzəblən,6
"r,",6
raf,6
rar,6
raş,6
ric,6
rik,6
rind,6
rist,6
runun,6
rus,6
rüd,6
rüt,6
rənginə,6
rəngə,6
sakin,6
salmaq,6
salmışdır.,6
salsa,6
san!,6
saqi,6
savab,6
"saydı,",6
saçar,6
sağl,6
sağlam,6
se,6
seh,6
seyy,6
sik,6
"sor,",6
sufi,6
sultanı,6
sulu,6
sunu,6
"surəti,",6
surətin,6
surətini,6
suyundan,6
sözlü,6
sün.,6
sürt,6
sığmaz,6
"səba,",6
səbrim,6
sədr,6
səfası,6
səma,6
"sənindir,",6
"sənsiz,",6
sənsən.,6
"səpər,",6
sərmay,6
sərməst,6
"səsi,",6
səsl,6
səxavətli,6
"səydi,",6
"tacı,",6
tale,6
"tamam,",6
"tanı,",6
tapar,6
tapdı.,6
tapmadım,6
tapmışam.,6
tatar,6
taxtına,6
taxtında,6
telinə,6
tikana,6
tikanı,6
to,6
tut!,6
tutar,6
"tutsa,",6
tutuş,6
tuz,6
"töküb,",6
tövhid,6
tül,6
tülk,6
tüstü,6
"təbib,",6
təc,6
təcəl,6
təki,6
təklif,6
təkəb,6
tənəsindən,6
təqsir,6
tərəddü,6
təsəlli,6
təx,6
təzahür,6
təzim,6
təşv,6
təəccüblü,6
ucuz,6
ular,6
ulduzları,6
umar,6
umuz,6
undakı,6
"uzaq,",6
uçub,6
uğan,6
uğu,6
uğurlu,6
uğursuz,6
vad,6
"van,",6
vaq,6
var!,6
vardı.,6
varlığı,6
"vaxt,",6
vaxta,6
ver.,6
verdiyi,6
"vermədi,",6
versin,6
verəsən,6
vurar,6
vurdu,6
vurub,6
vüsalı,6
vüsalının,6
vəslin,6
xalç,6
xalını,6
"xasiyyətli,",6
xislət,6
xosr,6
xoşuna,6
xristi,6
xır,6
xırda,6
xənc,6
xəstəyə,6
"xətadır,",6
xəyala,6
xəzinəd,6
yadın,6
yan.,6
"yandım,",6
yanıb,6
"yanında,",6
yaratdı.,6
yarpaq,6
yarını,6
yazmaq,6
yazı,6
"yazıq,",6
yağmal,6
yağışı,6
yaşıllıq,6
yeganə,6
yem,6
"yenə,",6
"yeri,",6
yerində,6
yesə,6
yi,6
yon,6
yurdu,6
yuxu,6
"za,",6
"zalım,",6
zar-zar,6
zav,6
zi,6
zövqündən,6
"zövqünü,",6
zühur,6
züm,6
zəm,6
Çar,6
Çat,6
Çöhr,6
Çəm,6
Ömrüm,6
Özümü,6
Üm,6
Üst,6
çaqqal,6
çarəsiz,6
çatan,6
"çatar,",6
çiçəyi,6
çoxdan,6
çölə,6
çöp,6
çıraq,6
çırağ,6
çırağı,6
"çıx,",6
"çıxıb,",6
çıxır,6
çəkilib,6
çəkmiş,6
çəkməz,6
çənə,6
öhr,6
"öldür,",6
ölü,6
ölül,6
özümə,6
üb.,6
üdə,6
üdən,6
ülən,6
ümidim,6
ümüz,6
"ündə,",6
üns,6
üqar,6
ürfan,6
üryan,6
ürəyimi,6
ürəyin,6
üstündən,6
üz-,6
üzv,6
"üzündür,",6
üçün.,6
İstərəm,6
ı),6
ıbsan,6
ıları,6
ılt,6
"ımda,",6
"ımızdır,",6
ımızın,6
"ınca,",6
ındadır,6
ındadır.,6
"ındır,",6
ıqdır,6
ısan.,6
ıst,6
ıyan,6
"Şahım,",6
Şey,6
Şik,6
Şirvana,6
Şükr,6
Şəri,6
"şad,",6
şahidi,6
şahının,6
şahən,6
şamına,6
şaq,6
şe,6
şeyda,6
şeyin,6
şidd,6
şirin-,6
"şübhəsiz,",6
şükr,6
"şükür,",6
şümşad,6
şəhrini,6
şəhərində,6
şəhərini,6
şəkildə,6
şəklinə,6
ƏN,6
Ədal,6
Ədalət,6
Əhd,6
Əldə,6
Əlhəm,6
Əlində,6
Əlindən,6
Əlli,6
Əql,6
Əv,6
ə',6
ə-dönə,6
ə-gündüz,6
ə:,6
əca,6
"əcək,",6
"əcəyəm,",6
əda,6
ədir?,6
"ədə,",6
əfsanə,6
əfəndi!,6
əhlindən,6
əhvalını,6
ək?,6
əklə,6
əksin,6
əksini,6
əlimə,6
əminin,6
əmir,6
əmməs,6
"əmə,",6
"ənd,",6
əndə.,6
ənlərə,6
"ərdi,",6
ərdin,6
ərim,6
ərlə,6
ərənlər.,6
əsi!,6
"əsirgəmə,",6
əsk,6
əsrin,6
əxlaq,6
əyan,6
əydi.,6
əyi-,6
"əyir,",6
əylən,6
“Ey,6
"""L",5
"""nun",5
-eş,5
ALI,5
Adəmə,5
Adətdir,5
Ahım,5
Ana,5
Ast,5
Axı,5
Aya,5
Ayın,5
Azərbay,5
Ağıllı,5
Ba,5
Bac,5
Bağdadda,5
Başımın,5
Başında,5
Bildi,5
"Bilirəm,",5
Bilmirəm,5
Bis,5
Bud,5
Bunca,5
Bədənim,5
Bəla,5
Bən,5
Bəng,5
"Bəsdir,",5
Cəbr,5
Cəbra,5
Cəmin,5
Cənnətdə,5
Cənnətin,5
Dam,5
Dax,5
Did,5
Dinlə,5
Dodağından,5
Dövranın,5
Dünyadan,5
Dəcc,5
EY,5
Eyş-işrət,5
Eşqini,5
Eşş,5
Fikrim,5
Firid,5
Fəx,5
Fəzli-,5
Gö,5
Göndər,5
"Gör,",5
Görək,5
"Görəsən,",5
Gövhər,5
Gözlərim,5
Gözlərimdən,5
Gözlərimin,5
Gözlərinin,5
Gözümü,5
Gözəllikdə,5
Gülüst,5
Güzgü,5
Hamı,5
Haqq-,5
Hat,5
Heydər,5
Hün,5
Hüs,5
Hüsnün,5
Həmdəmim,5
Həqdən,5
Kafir,5
Kamil,5
Kimdə,5
Kimi,5
Kuf,5
Kö,5
Köv,5
Kövs,5
Kün,5
Kəbənin,5
Kəl,5
Kəm,5
Lay,5
Leyli,5
Leylinin,5
Mar,5
Mehdi,5
Misr,5
Möhn,5
Möm,5
Mübar,5
Müd,5
Müştəri,5
Məhəmmədin,5
Məktu,5
Mənada,5
Mənzil,5
Mərd,5
"Məsələn,",5
Narınc,5
Nuşirəvan,5
Nəfsini,5
Nəm,5
Nəsimiyə,5
Nəzər,5
Onsuz,5
Oruc,5
Os,5
Payız,5
Peyğəmbərin,5
Pən,5
Qab,5
Qamətinin,5
Qarabağın,5
Qarışqa,5
Qat,5
Qaşın,5
Qib,5
Qiy,5
Qocalıq,5
Qov,5
Qönç,5
Qönçənin,5
Qürbət,5
Qıl,5
"Qısası,",5
Qız,5
Qəlbi,5
Qəlbimi,5
Qəm-,5
Qənaət,5
Qəza,5
Riyakar,5
Rus,5
Rəbb?,5
Rəqibin,5
Sad,5
Sakit,5
Sarı,5
Sevinc,5
Sey,5
Seyy,5
Seyyidin,5
Sif,5
Siz,5
Solğun,5
Sordum,5
Sufi,5
Söhbət,5
Sözüm,5
Süb,5
Süh,5
Sın,5
Səcdə,5
Səmim,5
"Sənsiz,",5
Tamah,5
Tel,5
Tİ,5
Təbi,5
Təc,5
Tərav,5
Ud,5
Vah,5
Val,5
Vüsalının,5
Vəslinə,5
Xaliq,5
Xalın,5
Xidmət,5
Xorasan,5
Xosrov,5
Xızrın,5
Xəbərsiz,5
"Xətayi,",5
Xəy,5
Yalnız,5
Yaqut,5
Yav,5
Yazıq,5
Yenidən,5
Yetiş,5
"Yoxsa,",5
Zahiri,5
Zar,5
Zülmət,5
Zəmzəm,5
Zəng,5
Zərif,5
abid,5
adar.,5
adıb,5
afiq,5
ahat,5
alar.,5
alara,5
alarda,5
"aları,",5
"aldanma,",5
alma,5
alına.,5
alır.,5
amdan,5
an-,5
anc,5
andır!,5
anları,5
anların,5
apardı.,5
"aqdır,",5
ar;,5
aras,5
araş,5
ardınca,5
arla,5
asib,5
asılı,5
"atma,",5
atmış,5
atəşini,5
atəşinə,5
axıl,5
"axşam,",5
ayaqdan,5
ayağın,5
"ayna,",5
"ayırdı,",5
"ayə,",5
"ayətdir,",5
"azdır,",5
azil,5
açdı.,5
"açma,",5
açmaq,5
açılınca,5
"açıq,",5
açıq-,5
ağaca,5
ağlas,5
ağzından,5
"aşikar,",5
aşina,5
aşiqlər,5
"aşkar,",5
bada,5
"badə,",5
balası,5
balıq,5
barmaq,5
baxdıqca,5
"baxıb,",5
bayatı,5
bazarında,5
bağban,5
"bağladı,",5
bağlama,5
bağlayıb,5
bağrına,5
başlanğıc,5
"başqa,",5
başqası,5
başçısı,5
bet,5
beyt,5
bih,5
bilirsən,5
bilm,5
"bilmədi,",5
"bilməm,",5
bimar,5
biqər,5
bir-,5
birinin,5
birlik,5
bivəfa,5
biy,5
boyan,5
boyl,5
"boylum,",5
boynunu,5
boğ,5
budağı,5
bulağı,5
buraxdı.,5
burn,5
buyn,5
bülbülü,5
bürcünün,5
bürüm,5
büs,5
bəbəkləri,5
bədx,5
bədəm,5
bədənimdən,5
bədənimi,5
"bədənli,",5
bəhrələn,5
bək,5
bəlasına,5
bəllidir,5
"bəndə,",5
bənzər?,5
"bərabər,",5
bərk,5
bəsirət,5
"bəxt,",5
bəylik,5
bəşər,5
camalı,5
"camı,",5
candır,5
canla,5
canından,5
car,5
cilal,5
cilvəl,5
cismimi,5
civə,5
"cövhəri,",5
cül,5
cə.,5
cəmalın,5
cənn,5
"cənnət,",5
cəsinə,5
cəvahir,5
daimi,5
daml,5
danı,5
darın,5
dava,5
daşını,5
dedim,5
deh,5
deməyə,5
"deyilsənsə,",5
di-,5
didara,5
didarına,5
"dilbərim,",5
dilsiz,5
dilənç,5
dimdiy,5
"dinim,",5
"dinlə,",5
diqqət,5
dir!,5
diyarında,5
dolanıb,5
doldu,5
doğuldu,5
duman,5
dustaq,5
dönmüş,5
dönər,5
dönər.,5
dövranı,5
dükcə,5
"dülər,",5
"dünyanı,",5
"dünyaya,",5
"düşdün,",5
"düşmüş,",5
"düşmüşdür,",5
düşməsin.,5
dılmış,5
dəfn,5
dəhrdə,5
"dəm,",5
dəm.,5
dəmirdən,5
dənizin,5
dənizində,5
"dərdi,",5
dərdindən,5
"dərdindən,",5
dərdlə,5
dərdü,5
"dərdə,",5
"dəstə,",5
dəyişik,5
"dəyməsin,",5
dəyərli,5
edibdir,5
edilib.,5
edilən,5
edirlər,5
"edirlər,",5
edirsən?,5
edirəm.,5
edənlərə,5
edənə,5
"edərsən,",5
elç,5
eləyim,5
enmiş,5
"etdikcə,",5
"etdikdə,",5
etdiyin,5
etiraz,5
etmiş.,5
etmişdir,5
etməkdən,5
etməm,5
"etməsə,",5
etməzdimmi?,5
etsə.,5
etsəm,5
evinin,5
eybini,5
"eylədi,",5
eyləsin,5
eyni,5
eşidib,5
"eşqin,",5
eşqindən,5
fasil,5
faydasız,5
fikrini,5
fikrə,5
fitnəkar,5
fırlanan,5
fəda!,5
fək,5
fəlsəfə,5
fərqli,5
fəslində,5
fəzilət,5
"gecəsi,",5
ger,5
girmiş,5
gördükdə,5
"görmədi,",5
görəndən,5
görər,5
görər.,5
"görəsən,",5
göstərdi.,5
göyər,5
gözlü,5
"gözlü,",5
gözlərimin,5
gözlərimə,5
"gözümə,",5
"gözə,",5
"gözəli,",5
gözəlliyi,5
"gözəllər,",5
gözəllərə,5
gülgün,5
gülzara,5
gülzarı,5
gülüstanə,5
gülşənə,5
"gülər,",5
günahkar,5
günlər,5
"günəşi,",5
güzgüdə,5
gəldik,5
gəldiniz.,5
"gəlmədi,",5
gətirmi,5
gətirmə,5
gətirsin,5
"gəzdi,",5
hacət,5
halımın,5
hamıya,5
haqqa,5
"haqqı,",5
haqqında,5
haqsız,5
hara,5
hava,5
havada,5
havaya,5
hekayət,5
heyh,5
"heyran,",5
heyvan.,5
heyvanı,5
hicran.,5
hid,5
"hünər,",5
həddini,5
həftə,5
həmd,5
hərdəm,5
həris,5
hərəkət,5
hərəm,5
həsrəti,5
həsrətlə,5
həvalə,5
i),5
i-b,5
ibi.,5
"ibim,",5
ibin,5
iddiası,5
iddiaç,5
"idin,",5
ilana,5
iliyin,5
im!,5
"iman,",5
imana,5
"imanım,",5
imizin,5
imləri,5
imper,5
"imsə,",5
ina,5
indi.,5
inkişaf,5
inlər,5
insanı,5
intizar,5
"inəm,",5
"iq,",5
"irdim,",5
irdən,5
"irsənsə,",5
"is,",5
istədi.,5
"istəmə,",5
"istərdim,",5
istəsə,5
"istəyirdim,",5
istəyə.,5
istəyən,5
isən.,5
iydi,5
"iylə,",5
iynə,5
içirt,5
"içsə,",5
"içər,",5
işarə,5
işarət,5
işimiz,5
işindən,5
işlərinə,5
kakil,5
kamilliyi,5
kasıb,5
kağız,5
keçib,5
"keçir,",5
"kitabıdır,",5
"kişi,",5
kölgəsini,5
köməy,5
könüldə,5
körpüdən,5
kövsər,5
kü,5
"külək,",5
küləyindən,5
kürs,5
küs,5
küçəndə,5
küçəsinin,5
"kə,",5
"kədər,",5
kərd,5
kərim,5
kərpic,5
kəsdən,5
kəsib,5
lamaq,5
"lan,",5
landı.,5
"lanır,",5
lara.,5
"lardır,",5
"larına,",5
"larını,",5
"lisən,",5
liyindən,5
luğun,5
lütfünü,5
lıdır,5
"lının,",5
lış,5
ləbindən,5
ləmək,5
ləndir,5
lənib,5
lərdir,5
ləç,5
ləçəyi,5
mad,5
madan.,5
malını,5
matəm,5
mayıb.,5
"mazsan,",5
mağından,5
mehman,5
mehraba,5
memar,5
meydanda,5
meyli,5
meyvə,5
meyə,5
meş,5
misk,5
mişdi,5
musan,5
möcüzəsi,5
mövl,5
mövs,5
müal,5
mübahisə,5
müjg,5
mürid,5
müxtəlif,5
müğ,5
"müşdür,",5
"müştaqam,",5
müştəri,5
mışdır?,5
məclisin,5
mədə,5
mədəni,5
məhbub,5
məhf,5
məhrumiyyət,5
məhəb,5
məkanı,5
"məkdir,",5
məlamət,5
"məlidir,",5
mənbəyi,5
mənbəyi.,5
məqbul,5
mərdlik,5
mərdüm,5
məscid,5
nalə-,5
naləmdən,5
naləsi,5
nan,5
nas,5
naxışlı,5
naxışını,5
naz-,5
"neyləyim,",5
nigarın,5
nisan,5
nov,5
"nurudur,",5
nöqtəsi,5
nümay,5
nüsx,5
nütf,5
"nəfəs,",5
nəfəsindən,5
nərgizə,5
nəticəsi,5
nəğməl,5
nəğmələr,5
odda,5
odun,5
odunu,5
"olandan,",5
olardı,5
olasan.,5
olduğunu.,5
"olmasaydı,",5
olmağa,5
olmuşdu,5
"olsan,",5
ondan.,5
orda,5
oturub,5
ovdan,5
"oxu,",5
oxşam,5
"padşah,",5
palt,5
palçıq,5
pam,5
parə,5
pil,5
puç,5
pünhan,5
pərv,5
qabaq,5
qala,5
"qaldırdı,",5
qalmamış,5
qalmışam,5
qamətini,5
qan-yaş,5
qandır.,5
qanunu,5
qapıl,5
qapına,5
qapısına,5
qarşında,5
qat-,5
"qaydadır,",5
qayğı,5
qayğısını,5
qazanc,5
qaçar,5
"qaşı,",5
qaşına,5
"qonaqlar,",5
qonağ,5
qorxmur,5
qovğ,5
qovğa,5
"qoydum,",5
qoyun,5
qoşa,5
qru,5
qulağı,5
qulağına,5
qulağında,5
qurbanıyam,5
qurd,5
quşunu,5
qövs,5
qübb,5
qüssə,5
qızış,5
"qədəh,",5
qədəhinin,5
qəlbimdə,5
qələb,5
qələmin,5
qəmdə,5
"qəmin,",5
qəmində,5
qəmər,5
"qəmər,",5
qənaət,5
qəndi,5
qərarı,5
"qərarım,",5
qəti,5
qətiyy,5
rahatlığı,5
"rahatlığım,",5
"reyhan,",5
rix,5
riyak,5
rüsval,5
rüşvət,5
rıl,5
rəftar,5
rəx,5
rəy,5
sadə,5
sadəlövh,5
sahiblərinin,5
salır,5
sanar.,5
"sanmayın,",5
"sansa,",5
sayıl,5
"saçdı,",5
saçları,5
saçına,5
sevdasına,5
sevincli,5
sevindir,5
si,5
sidrə,5
"sifət,",5
sinəli,5
sinəm,5
sinəmdə,5
sinəmin,5
sip,5
sitəmindən,5
"sizdir,",5
sonunu,5
"sultan,",5
"sultanı,",5
"surət,",5
surətinin,5
surətinə,5
"sö,",5
söv,5
"söylər,",5
sözünün,5
süfrədə,5
sünbülün,5
süs,5
süt,5
"sızdır,",5
səbir,5
səbz,5
"səbəbi,",5
səccad,5
sədə,5
sədəq,5
səhrada,5
səltənət,5
"sərvim,",5
sərxoş.,5
"səydim,",5
səyyar,5
səyə,5
"tac,",5
tapdım.,5
"tapmadım,",5
"tapıb,",5
tapılmaz,5
"tapınca,",5
tat,5
tax,5
tayf,5
telini,5
tellər,5
tez-tez,5
til,5
tiry,5
tit,5
toplay,5
tufanı.,5
"tutmaz,",5
tutulmuş,5
"tökmə,",5
tökülən,5
tökür,5
tökər,5
tükənməz,5
tün,5
tüğ,5
təbiətli,5
təcəlli,5
təfsir,5
tək-,5
təni,5
tənəsi,5
təp,5
tərifləy,5
tərp,5
tərpən,5
təsbih,5
təsdiq,5
təvaz,5
təxt,5
"uca,",5
"uda,",5
"udum,",5
uldu.,5
umda,5
"umu,",5
"unun,",5
ura,5
ustadı,5
usundan,5
uzaqlaşdır,5
uzat,5
uşaqlar,5
uşun,5
vana,5
vanə,5
vardır.,5
"varkən,",5
varsa.,5
vaxtdır,5
vaya,5
veril,5
vermə.,5
verməd,5
"verə,",5
verərəm,5
vey,5
"vurar,",5
vurar.,5
"vurma,",5
vücudum,5
vüsala,5
vədi,5
"vəfa,",5
vəfad,5
vəfası,5
vəhyi,5
vəq,5
"vəslinə,",5
vəziyyət,5
xak,5
xali,5
xalqdan,5
"xalın,",5
xasiyyəti,5
xasiyyətli,5
"xatirinə,",5
"xoşbəxt,",5
xoşbəxtlik,5
xürrəm,5
xüsusi,5
xəbərin,5
xəncər?,5
"xəncəri,",5
yadı,5
yadıma,5
yadına,5
yanına,5
yanır,5
"yanıram,",5
yaquta,5
"yaradan,",5
yaralı,5
yardan,5
"yarı,",5
yarıl,5
yarısı,5
yavaş,5
yaxşıdır.,5
yaya,5
yazılmış,5
yağlı,5
yaşına,5
yaşının,5
"yedi,",5
yegan,5
yerini,5
yetişməz,5
yetməz,5
yeyir,5
yollar,5
yolum,5
"yoluna,",5
yorul,5
yoxa,5
yoxdan,5
yoxluq,5
"yoxsa,",5
yurd,5
yuxarı,5
yuxudan,5
yuxusundan,5
yön,5
yükü,5
yıxan,5
zahirdə,5
"zamandır,",5
zar-,5
zarı,5
zatının,5
zib,5
zikri,5
zirv,5
zöh,5
"zülfün,",5
zülfündən,5
zülfə,5
zülmündən,5
zülmətində,5
zəhr,5
zəhəri,5
zəlil,5
zəmanə,5
«,5
»,5
Çoxdan,5
Çoxdur,5
Çöl,5
Çör,5
Öp,5
Öv,5
Özünə,5
Ürəyi,5
Üzümü,5
çak,5
çatmadı,5
çatmadı.,5
"çatıb,",5
çax,5
"çidir,",5
çirkin,5
çiyn,5
ço,5
çov,5
çoxdur,5
çusu,5
çövk,5
"çün,",5
çıxmaz,5
"çıxır,",5
"çə,",5
çəkdi.,5
çəkdim,5
çəkdiyim,5
"çəkmişəm,",5
"çəkmərəm,",5
çəksin,5
çəkərsən,5
çəməndə,5
çətinlik,5
çətinliyi,5
"öldüm,",5
öldürmək,5
ömrün,5
özlərini,5
"özü,",5
özünün,5
ülk,5
ümdən,5
ümidlə,5
"ünlə,",5
ünun,5
"ünün,",5
üqara,5
ürdü,5
ürs,5
ürəyini,5
üstü,5
"üstündür,",5
"üstünə,",5
üzümə,5
İbrah,5
İlahi,5
İmran,5
İnan,5
İnsanların,5
İrəm,5
İsan,5
İsg,5
İstədi,5
"ı""",5
ıb-,5
ıca,5
ıdı,5
ıdır?,5
ılday,5
ımdakı,5
"ımız,",5
ıqla,5
"ıqlı,",5
"ırdı,",5
ırlar.,5
"ırsa,",5
ıyam,5
ızda,5
Şafe,5
Şahların,5
Şeytan,5
Şirvanda,5
Şövk,5
Şübhəs,5
Şüm,5
Şərabın,5
şahbaz,5
şahım,5
şahə,5
"şamı,",5
şan.,5
şanlı,5
şeytana,5
şeytanın,5
şikar,5
şivən,5
şiş,5
şu,5
şöhrəti,5
şöhrətli,5
şövkət,5
şövqündən,5
şübh,5
şəffaf,5
şənlik,5
şərabla,5
şərabını,5
şərhini,5
şərq,5
Əbu,5
Əgərçi,5
Əhval,5
"Əli,",5
Əlin,5
Ərz,5
Əsil,5
Əsl,5
Ətirli,5
Ətraf,5
Əvvəlcə,5
"Əzizim,",5
əbcəd,5
"əcəb,",5
ədalətli,5
ədar,5
ədin,5
əfa,5
əfşan,5
əgərçi,5
əhv,5
əhvalı,5
əhvalımı,5
əkin,5
"əldən,",5
əlhəq,5
"əlhəq""",5
ələm,5
ələrinin,5
əmanət,5
əmin-amanlıq,5
əmmam,5
əmrinə,5
əmrə,5
əninə,5
əqiq,5
əqiqə,5
ərdi.,5
ərşin,5
"əsdi,",5
"əsini,",5
"əsir,",5
əsirgəm,5
əskil,5
ətdir,5
ətdir.,5
ətrinə,5
ətək,5
əvvəlki,5
əvvər,5
əvü,5
əydim,5
"əydim,",5
əyində,5
əylə,5
əyləncə,5
əyləş,5
əz.,5
əç,5
əşyal,5
ə’,5
Azər,4
Bəx,4
Do,4
Dos,4
Fikr,4
Fəz,4
Gözlər,4
Güzg,4
Müğənn,4
Məc,4
Nər,4
Qarış,4
Quş,4
Qıs,4
Sul,4
Sün,4
Səxav,4
Tan,4
Xosr,4
Xətay,4
Yaq,4
Zə,4
Zənc,4
a-damla,4
a-parça,4
adis,4
adır?,4
ahar,4
akar,4
amlı,4
atəv,4
"aydı,",4
aşik,4
burul,4
bəcür,4
cilov,4
dimmi?,4
döv,4
dıq.,4
eyr,4
fürs,4
gar,4
girif,4
göv,4
gülz,4
gəlməd,4
hüc,4
imt,4
ində.,4
işrət,4
"işə,",4
iət,4
ke,4
köh,4
"lum,",4
ləti,4
mehrib,4
muş.,4
mübtəl,4
müştər,4
məhbu,4
ne,4
neyləy,4
palç,4
qabar,4
qan-,4
qquz,4
rüsv,4
səc,4
sək,4
səras,4
tör,4
təkl,4
uf,4
unu.,4
"usan,",4
vil,4
xey,4
Ürəy,4
ölg,4
öq,4
övş,4
öş,4
ülf,4
üm.,4
ünt,4
İk,4
İz,4
Şüb,4
şeyt,4
şiv,4
Əlbət,4
ələn,4
əmanənin,4
ərdar,4
ətta,4
əyəm.,4
''',3
*.,3
Afər,3
Böy,3
Dün,3
Hadi,3
Həmdəm,3
Ley,3
Musan,3
Mərif,3
Nov,3
Qüd,3
Sol,3
Sor,3
Xor,3
Züleyx,3
ahan,3
akim,3
"ayət,",3
azib,3
bağlam,3
bəbək,3
bəgün,3
bərin,3
bəsir,3
cəd,3
durnal,3
düç,3
dənd,3
ec,3
eniş,3
eçə,3
faydas,3
filan,3
gət,3
hüz,3
hədiyy,3
ilah,3
ildır,3
ilər:,3
int,3
ivə,3
kif,3
kifayət,3
kip,3
köy,3
mürüv,3
müxtəl,3
məsk,3
nax,3
nit,3
nüs,3
nəc,3
old,3
pol,3
qam,3
qəddəs,3
rüş,3
sadəl,3
sini,3
sədən,3
səkk,3
səltən,3
uba,3
xas,3
xən,3
yaq,3
yavaş-yavaş,3
yur,3
zik,3
zü,3
Ünsür,3
öhrəti,3
övhid,3
ürəm.,3
ğənn,3
İlah,3
İsf,3
ş-,3
şübhəs,3
əjd,3
əmməd,3
ərsiz,3
ərç,3
Döv,2
Gön,2
Güm,2
Hik,2
Kön,2
Mirz,2
Mustaf,2
Müm,2
Məq,2
Nar,2
Nuşirəv,2
Qən,2
Rəs,2
Sah,2
Simur,2
Sül,2
Səc,2
Ul,2
Yax,2
Yus,2
Zəmz,2
Zən,2
afe,2
ain,2
alt-,2
amanlıq,2
ard,2
başdan-,2
başlanğ,2
caq,2
cəvah,2
dos,2
dust,2
dəhr,2
eyf,2
eyləmiş,2
fas,2
fəx,2
gəldin,2
hik,2
hiy,2
hərd,2
ilh,2
irəv,2
işan,2
küncün,2
liber,2
maram.,2
mirəm,2
mö,2
müj,2
müm,2
müyəss,2
mışlar.,2
məzəm,2
məğr,2
məşğ,2
neç,2
peyğəm,2
qıv,2
qəmg,2
rəğ,2
siz.,2
te,2
"tə,",2
təhl,2
təzah,2
vüc,2
xis,2
xür,2
yap,2
yüks,2
çiç,2
"ö,",2
ördüncü,2
örp,2
övs,2
ünlüklə,2
üzul,2
Ğ,2
İskən,2
ınd,2
ırl,2
ısan,2
Şük,2
ş-işrət,2
şim,2
şüb,2
"əb,",2
əfənd,2
əm!,2
əmz,2
əqin,2
əvah,2
Е,2
О,2
х,2
-çöp,1
Am,1
Baxmay,1
Beh,1
Bül,1
Dod,1
Dünyad,1
Fəqir,1
Güz,1
Kas,1
Lam,1
M.,1
Mah,1
Müb,1
Məsəl,1
Pay,1
Tor,1
Vaqif''',1
Xid,1
Xız,1
[,1
],1
akin,1
aliz,1
aqq,1
ağrım,1
bor,1
cal,1
cüz,1
dı!,1
dıl,1
ez,1
fəh,1
görmür,1
güv,1
gəlmişlərdən,1
hardas,1
hüs,1
icr,1
"ida,",1
ift,1
imdad,1
inq,1
iqər,1
jd,1
kərp,1
ləgahım,1
mac,1
mir?,1
mübah,1
mül,1
müy,1
məhru,1
paq,1
per,1
pus,1
pün,1
qq,1
qəbr,1
qələndər,1
risti,1
rüs,1
sin!,1
sonr,1
tapmadı,1
tapş,1
təsl,1
təəcc,1
təəss,1
xid,1
xo,1
xürr,1
xəc,1
yavaş-,1
zəf,1
Çal,1
Ün,1
ölə,1
ördün,1
övk,1
övsər,1
ünlük,1
ütün,1
ırda,1
ığıl,1
Ətir,1
əmin-,1
ənlər.,1
е,1
